"","X1.Basin.Name","Total_richness","Native_richness","Exotic_richness"
"1","Aa",30,23,7
"2","Abant.lake",1,1,NA
"3","Abashiri",3,3,NA
"4","Abhe.Bad",11,11,NA
"5","Abogain.Gol",6,6,NA
"6","Abu.gawa",8,8,NA
"7","Abukuma",7,6,1
"8","Abula",5,5,NA
"9","Acaponeta",16,16,NA
"10","Aceh",16,14,2
"11","Acheloos",38,20,18
"12","Acisu",8,7,1
"13","Aconcagua",27,21,6
"14","Actopan",20,20,NA
"15","Adako.un",9,8,1
"16","Adana",3,3,NA
"17","Adelaide",64,64,NA
"18","Adige",24,18,6
"19","Adour",42,27,15
"20","Agano",17,15,2
"21","Aghnashini",55,55,NA
"22","Agly",22,17,5
"23","Agneby",82,82,NA
"24","Agri",17,7,10
"25","Agrioun",2,2,NA
"26","Aguan",37,37,NA
"27","Aguanaval",7,6,1
"28","Ahaggar",6,6,NA
"29","Aire",10,10,NA
"30","Aki",13,13,NA
"31","Akitio",10,9,1
"32","Aksu",40,36,4
"33","Aksu.North",36,34,2
"34","Alabama",246,225,21
"35","Alafia",69,44,25
"36","Alagnak",18,18,NA
"37","Alara",9,7,2
"38","Alas",61,57,4
"39","Alaska.un.1",6,6,NA
"40","Alaska.un.2",3,3,NA
"41","Alazeja",28,28,NA
"42","Albany",36,36,NA
"43","Albegna",14,5,9
"44","Albert.lake",15,2,13
"45","Aldoma",15,15,NA
"46","Alemeda.creek",62,22,40
"47","Alfios",20,9,11
"48","Alfta",3,3,NA
"49","Aliakmon",50,38,12
"50","Alice",26,26,NA
"51","Allahein.River",13,13,NA
"52","Alligator.creek",5,5,NA
"53","Allika",6,6,NA
"54","Alsea",35,18,17
"55","Alsek",28,27,1
"56","Altaelva",9,8,1
"57","Altamaha",118,97,21
"58","Altja",12,12,NA
"59","Amahlongwa",8,7,1
"60","Amansuri",8,8,NA
"61","Amazon",2271,2266,5
"62","Amba",60,50,10
"63","Ambalam.Oya",30,28,2
"64","Amboyninghy.Point",2,2,NA
"65","Ameca",51,48,3
"66","Amguema",21,21,NA
"67","Amu.Darya",63,50,14
"68","Amur",157,145,12
"69","An.Lao",43,42,1
"70","Anabar",30,30,NA
"71","Anadyr",31,30,1
"72","Anasco",46,44,2
"73","Ancharakandi",29,28,1
"74","Andakilsa",3,3,NA
"75","Andalien",21,17,4
"76","Andella.Oya",32,30,2
"77","Anderson",18,18,NA
"78","Andranangoo",11,11,NA
"79","Andreevka",3,3,NA
"80","Angermanalven",23,20,3
"81","Anglesea",3,3,NA
"82","Angurugu.creek",9,9,NA
"83","Aniakchak",17,17,NA
"84","Ankobra",27,27,NA
"85","Annan.Aus",16,16,NA
"86","Annan.UK",28,20,8
"87","Ansan",16,15,1
"88","Anseongcheon",85,81,4
"89","Ansons",15,14,1
"90","Antelope.Wash",31,1,30
"91","Anzali",45,35,10
"92","Aojiang",58,57,1
"93","Aorere",16,13,3
"94","Apalachicola",151,126,25
"95","Aparima",18,16,2
"96","Apodi",14,13,1
"97","Appomattox",85,57,28
"98","Approuague",248,248,NA
"99","Appuvar",7,7,NA
"100","Apuka",20,20,NA
"101","Arachthos",17,11,6
"102","Arade",16,11,5
"103","Arahura",18,17,1
"104","Arakawa",19,14,5
"105","Arakawa.Yamagata",1,1,NA
"106","Aransas",23,17,6
"107","Arawhata",14,12,2
"108","Archer",41,41,NA
"109","Areias",99,99,NA
"110","Argens",41,26,15
"111","Ariro",5,5,NA
"112","Armark",9,9,NA
"113","Armeria",50,43,7
"114","Arnaud",6,6,NA
"115","Arno",38,14,24
"116","Aroa",38,36,2
"117","Aropaoanui",16,11,5
"118","Arques",19,17,2
"119","Arroio.Barcelo",20,20,NA
"120","Arroio.Bolacha",14,14,NA
"121","Arroio.Diluvio",51,48,3
"122","Arroio.Douradinho",26,26,NA
"123","Arroio.Sao.Lourenco",24,24,NA
"124","Arroio.Teixeira",26,26,NA
"125","Arroio.Velhaco",31,31,NA
"126","Arroio.do.Conde",46,46,NA
"127","Arroio.do.Petim",11,11,NA
"128","Arroio.do.Ribeiro",44,44,NA
"129","Arroio.do.Salso",12,12,NA
"130","Arrowsmith",1,1,NA
"131","Arroyo.Maldonado",33,33,NA
"132","Arroyo.Martin",39,38,1
"133","Arroyo.Viloldo",11,11,NA
"134","Arroyo.Walker",1,1,NA
"135","Arroyo.Zapata",12,12,NA
"136","Arroyo.de.San.Nicolas",6,6,NA
"137","Arthur",13,11,2
"138","Aruvi.Aru",41,39,2
"139","Asah",4,4,NA
"140","Ashburton.Aus",16,16,NA
"141","Ashburton.NZ",20,14,6
"142","Ashida",1,1,NA
"143","Ashley.NZ",14,12,2
"144","Ashley.USA",64,47,17
"145","Asi",46,44,2
"146","Asinaro",7,4,3
"147","Assif.Tamraght",4,4,NA
"148","Athi",118,108,10
"149","Atimet",18,18,NA
"150","Atrak",36,31,5
"151","Atran",20,19,1
"152","Atrato",183,183,NA
"153","Attack.creek",2,2,NA
"154","Attanagalu.Oya",54,50,4
"155","Aucilla",60,56,4
"156","Aude",46,31,15
"157","Audru",4,4,NA
"158","Aulne",19,17,2
"159","Austari.Jokulsa",4,4,NA
"160","Authie",16,12,4
"161","Ave",13,6,7
"162","Avoca",5,4,1
"163","Avon.Aus",16,12,4
"164","Avon.Eng",26,21,5
"165","Avon.Moors",26,23,3
"166","Avon.NZ",19,13,6
"167","Awakino",12,10,2
"168","Awano",9,9,NA
"169","Awanui",15,11,4
"170","Awaroa",2,1,1
"171","Awarua",8,7,1
"172","Awasa.Hayk",6,6,NA
"173","Awatere",13,11,2
"174","Awe",12,11,1
"175","Awhea",8,8,NA
"176","Axios",53,45,8
"177","Azuri",6,4,2
"178","Ba",52,51,1
"179","Babol",57,47,10
"180","Back",13,13,NA
"181","Baffle.creek",14,13,1
"182","Bago.Negros",36,27,9
"183","Bagru",39,39,NA
"184","Bagura.Oya",30,28,2
"185","Bahar.el.Hammar",2,2,NA
"186","Baharu",11,11,NA
"187","Bahi.Swamp",10,10,NA
"188","Bailebu",1,1,NA
"189","Bakensrivier",41,39,2
"190","Bakhura",6,6,NA
"191","Bakir.Cayi",32,30,2
"192","Balcombe.creek",15,14,1
"193","Balikun",1,1,NA
"194","Balkhash",50,15,35
"195","Balla.Balla",1,1,NA
"196","Balsas",101,79,22
"197","Balyktah",2,2,NA
"198","Bambawe.Oya",30,28,2
"199","Banano",15,15,NA
"200","Bandama",125,121,4
"201","Bangpakong",92,91,1
"202","Banka.island",40,40,NA
"203","Bann",23,13,10
"204","Baram",92,90,2
"205","Barham",11,10,1
"206","Baringo",15,15,NA
"207","Barito",52,52,NA
"208","Barm.e.Shor",3,3,NA
"209","Barongarook.creek",6,6,NA
"210","Barranca",41,41,NA
"211","Barraport",1,1,NA
"212","Barron",75,64,11
"213","Barrow",21,17,4
"214","Bartin",40,37,3
"215","Barwon",27,20,7
"216","Basento",11,5,6
"217","Basgoz.Cayi",27,25,2
"218","Bat.Gberi",8,8,NA
"219","Batang.Hari",177,177,NA
"220","Batang.Kerang",42,41,1
"221","Baudo",77,77,NA
"222","Bay.View",10,7,3
"223","Bayano",65,65,NA
"224","Beadon.Bay",2,2,NA
"225","Bear.lake",42,9,33
"226","Bear.river",54,19,35
"227","Beauly",10,9,1
"228","Bebedero",36,36,NA
"229","Bedjestan",4,3,1
"230","Bedti",43,42,1
"231","Bega.1",17,16,1
"232","Bega.2",24,23,1
"233","Beilun.He",53,52,1
"234","Beimenjiang",48,47,1
"235","Bejucal",22,21,1
"236","Belait",62,62,NA
"237","Belize",47,47,NA
"238","Bellinger",24,23,1
"239","Bemm",18,18,NA
"240","Ben.Hai",54,53,1
"241","Benara.creek",3,3,NA
"242","Benevente",45,41,4
"243","Bengkalis.Island",15,15,NA
"244","Bensbach",53,52,1
"245","Bentota.Ganga",51,48,3
"246","Benut",27,27,NA
"247","Berg",11,7,4
"248","Berkeley",4,4,NA
"249","Bernam",87,86,1
"250","Bero",17,17,NA
"251","Betka",17,17,NA
"252","Betsiboka",20,14,6
"253","Beysehir",18,17,1
"254","Bharathapuzha",95,92,3
"255","Bia",69,67,2
"256","Biaru",10,10,NA
"257","Biferno",17,7,10
"258","Big.Sur",8,6,2
"259","Biga",46,42,4
"260","Biliu.He",53,49,4
"261","Billa.Bilba.creek",11,11,NA
"262","Billeroo.creek",5,5,NA
"263","Billiton.Island",22,22,NA
"264","Biobio",29,25,4
"265","Biwa",67,52,15
"266","Black",8,7,1
"267","Blackmore",31,31,NA
"268","Blackstone",39,21,18
"269","Blackwater",23,20,3
"270","Blackwater.USA",83,71,12
"271","Blackwood",21,15,6
"272","Blanche",15,12,3
"273","Blanche.Bay",6,5,1
"274","Blanda",3,3,NA
"275","Blavet",34,23,11
"276","Bloody.Bay",6,6,NA
"277","Bloomfield",7,7,NA
"278","Blue.lake.Aus",4,4,NA
"279","Bluewater.creek",5,5,NA
"280","Blyth",33,33,NA
"281","Blythe",7,6,1
"282","Bo.Langvlei",7,5,2
"283","Bodigoda.Aru",30,28,2
"284","Boesmansrivier",43,41,2
"285","Bofon",35,35,NA
"286","Boga",4,4,NA
"287","Boghen",22,20,2
"288","Bohle",25,25,NA
"289","Bolaman",37,35,2
"290","Bolchaia.Voroskaia",15,15,NA
"291","Bolgoda.lake",45,43,2
"292","Bollin",26,20,6
"293","Bolsaia",2,2,NA
"294","Bolshoye",7,7,NA
"295","Bolson.de.Cuatro.Cienegas",6,6,NA
"296","Bolson.de.Sandia",6,6,NA
"297","Bonaventure",10,9,1
"298","Bonito",17,17,NA
"299","Boradilla",2,2,NA
"300","Boree.creek",3,3,NA
"301","Bosten",25,15,10
"302","Botchi",16,16,NA
"303","Bou.Regreg",8,6,2
"304","Boubo",48,48,NA
"305","Bow",4,4,NA
"306","Bowes",2,2,NA
"307","Boyne.Aus",5,5,NA
"308","Boyne.Irland",20,17,3
"309","Bradano",15,5,10
"310","Bradys.creek",4,2,2
"311","Brakepole.Marsh",2,2,NA
"312","Bramonas",27,24,3
"313","Brantas",19,19,NA
"314","Brazos",120,102,18
"315","Breede",35,26,9
"316","Breiddalsa",3,3,NA
"317","Brenta",35,27,8
"318","Bresle",17,16,1
"319","Brimay",16,16,NA
"320","Brisbane",56,49,7
"321","Brisbane.Water",4,3,1
"322","Broadwater.creek",6,5,1
"323","Browns",23,21,2
"324","Bruna",7,4,3
"325","Brunswick",16,15,1
"326","Bruthen.creek",19,19,NA
"327","Budzi",65,63,2
"328","Bueno",21,18,3
"329","Buffalo.River",73,64,9
"330","Buhayrat.Maryut",38,38,NA
"331","Buller",25,23,2
"332","Bulloo",14,13,1
"333","Bunce.River",15,15,NA
"334","Bungala",2,2,NA
"335","Buranhem",16,15,1
"336","Burdekin",57,52,5
"337","Burdur",13,13,NA
"338","Burnett",53,50,3
"339","Burringbar.creek",12,10,2
"340","Buta.Palena",3,2,1
"341","Butawa.Oya",30,28,2
"342","Butre",8,8,NA
"343","Buyukmenderes",40,38,2
"344","Buyuktchekmedje",23,20,3
"345","Bzipi",25,24,1
"346","Caboolture",3,3,NA
"347","Cachoeira",29,26,3
"348","Cachoeirinha",19,18,1
"349","Cahy",22,22,NA
"350","Cai",67,63,4
"351","Cai.Lap",24,24,NA
"352","Calabar.River",41,41,NA
"353","Calcasieu",123,116,7
"354","Calleguas.creek",51,7,44
"355","Calliope",9,9,NA
"356","Caloosahatchee",93,55,38
"357","Calvert",26,26,NA
"358","Cam",12,11,1
"359","Camaqua",69,69,NA
"360","Camden.Haven",20,19,1
"361","Canada.de.la.Totora",6,6,NA
"362","Canche",16,14,2
"363","Candapui",23,23,NA
"364","Candelaria",34,34,NA
"365","Cane",2,2,NA
"366","Cangandi",27,27,NA
"367","Cangrejal",32,32,NA
"368","Caniapiscau",17,17,NA
"369","Cann",15,15,NA
"370","Cap.Chat",6,5,1
"371","Caparo",14,14,NA
"372","Cape.Fear",117,95,22
"373","Capel",6,4,2
"374","Capivari",37,37,NA
"375","Capot",10,7,3
"376","Caraiva",8,8,NA
"377","Carlos.Tejedor",13,12,1
"378","Carlton",9,8,1
"379","Carmel",48,10,38
"380","Carolina",4,4,NA
"381","Caroni",44,44,NA
"382","Carti.Grande",49,49,NA
"383","Carvao",166,163,3
"384","Casamance",68,68,NA
"385","Casas.Grandes",7,7,NA
"386","Cascade",11,10,1
"387","Cascapedia",15,14,1
"388","Catatumbo",110,110,NA
"389","Catlins",12,11,1
"390","Cauvery",169,161,8
"391","Cavado",26,17,9
"392","Cavally",88,88,NA
"393","Cavone",11,6,5
"394","Cazones",17,15,2
"395","Ceara.Mirim",12,12,NA
"396","Cedar",58,26,32
"397","Cedar.Bayou",31,24,7
"398","Cesano",15,11,4
"399","Cestos",75,74,1
"400","Cetina",13,10,3
"401","Ceyhan",45,43,2
"402","Ch.anggo",11,10,1
"403","Chacalapa",12,12,NA
"404","Chaetugol.soryuji",36,34,2
"405","Chagres",173,169,4
"406","Chagundaesan",14,13,1
"407","Chalakkudy",89,83,6
"408","Chaliyar",72,70,2
"409","Chamelecon",48,47,1
"410","Champoton",31,31,NA
"411","Chamyong.pokpo",17,16,1
"412","Chandragiri",51,50,1
"413","Changan",9,9,NA
"414","Changdo",22,21,1
"415","Changhuajiang",84,80,4
"416","Changmu",20,19,1
"417","Changsa.ri",22,21,1
"418","Changsu.je",15,14,1
"419","Changuinola",13,13,NA
"420","Chantaburi",127,126,1
"421","Chao.Phraya",519,502,17
"422","Chapman",7,4,3
"423","Charente",41,28,13
"424","Charnley",4,4,NA
"425","Chasan.chon",28,27,1
"426","Chava.Aru",30,28,2
"427","Cheakamus",16,15,1
"428","Chehalis",51,34,17
"429","Chengianjiang",94,91,3
"430","Chenini",2,1,1
"431","Chew.Tobacco.creek",4,4,NA
"432","Chico",7,4,3
"433","Chienti",18,12,6
"434","Chigusa",1,1,NA
"435","Chikugo",4,3,1
"436","Chilwa",46,45,1
"437","Chimjin",59,57,2
"438","Chindari",20,19,1
"439","Chinjuk.chosuji",24,23,1
"440","Chire",22,21,1
"441","Chiriqui.Viejo",18,18,NA
"442","Chisan",39,37,2
"443","Chittari",24,24,NA
"444","Chocancharava",28,26,2
"445","Choctawhatchee",100,95,5
"446","Chogam.je",39,37,2
"447","Chogok.chon",23,22,1
"448","Choluteca",30,29,1
"449","Chomam.josuji",17,16,1
"450","Chondae.josuji",34,32,2
"451","Chonggye.josuji",14,13,1
"452","Chongho.josuji",47,45,2
"453","Chongup",58,56,2
"454","Chonmi.chon",11,11,NA
"455","Choptank",71,43,28
"456","Choshui",35,35,NA
"457","Chubut",19,14,5
"458","Chujin",34,32,2
"459","Chukotat",3,3,NA
"460","Chukto.san",25,24,1
"461","Chungdomun",29,28,1
"462","Chunggwang.je",36,35,1
"463","Chungmun.chon",10,9,1
"464","Chungnyul.li",13,12,1
"465","Churchill",32,32,NA
"466","Churchill.Atlantic",20,20,NA
"467","Churiyan.Aru",30,28,2
"468","Cidurian",10,7,3
"469","Cihuatlan",19,17,2
"470","Ciliwung",20,15,5
"471","Cimaja",10,6,4
"472","Cipero",5,5,NA
"473","Cisadane",39,33,6
"474","Cisukawayana",14,13,1
"475","Cixerri",11,6,5
"476","Clarence.Aus",60,58,2
"477","Clarence.NZ",18,16,2
"478","Claudie",4,4,NA
"479","Clutha",27,21,6
"480","Clyde.Aus",31,31,NA
"481","Clyde.Scotland",33,19,14
"482","Coahuanyana",14,13,1
"483","Coal",20,16,4
"484","Coasters.Island",36,36,NA
"485","Coatzacoalcos",82,80,2
"486","Cocheco",47,34,13
"487","Cocle.del.Norte",20,20,NA
"488","Coco",37,37,NA
"489","Coegarivier",7,6,1
"490","Coghinas",12,3,9
"491","Cogie.creek",2,1,1
"492","Coila.creek",19,19,NA
"493","Collie",11,9,2
"494","Colorado.Argentina",31,27,4
"495","Colorado.Texas",117,93,24
"496","Colorado.USA",137,42,95
"497","Columbia",116,64,52
"498","Colville",21,21,NA
"499","Combahee",65,65,NA
"500","Comoe",136,134,2
"501","Comondu",2,1,1
"502","Comprido",15,15,NA
"503","Comte",221,219,2
"504","Concepcion",7,6,1
"505","Congo",1115,1108,7
"506","Conne",8,7,1
"507","Connecticut",107,71,36
"508","Conon",15,14,1
"509","Conway",9,8,1
"510","Cook",11,10,1
"511","Coolongolook",21,20,1
"512","Coomera",8,7,1
"513","Cooper",56,56,NA
"514","Cooper.creek",22,22,NA
"515","Coos",46,21,25
"516","Copiapo",8,5,3
"517","Coppename",157,157,NA
"518","Copper",26,26,NA
"519","Coppermine",15,15,NA
"520","Coquille",23,23,NA
"521","Corangamite",22,14,8
"522","Corantijn",312,311,1
"523","Corindi",8,8,NA
"524","Cornella.creek",7,6,1
"525","Corrientes",61,61,NA
"526","Cortaderas",4,4,NA
"527","Coruh",59,56,3
"528","Corumbau",25,25,NA
"529","Cosumnes",60,24,36
"530","Coto",36,36,NA
"531","Couesnon",26,21,5
"532","Courant.Contis",9,8,1
"533","Courant.Mimizan",21,14,7
"534","Courland",3,3,NA
"535","Couva",8,8,NA
"536","Cowal.creek",6,6,NA
"537","Cowan.creek",26,26,NA
"538","Coxcoapan",111,111,NA
"539","Coyle",2,1,1
"540","Coyote.creek",23,23,NA
"541","Crique.Vase",37,37,NA
"542","Crique.Yiyi",57,57,NA
"543","Cristiano.Muerto",9,9,NA
"544","Crni.Drim",77,61,16
"545","Cross",229,228,1
"546","Crystal.creek",3,2,1
"547","Cua.Can",33,33,NA
"548","Cubatao",50,49,1
"549","Cubatao.2",14,14,NA
"550","Cudgara.creek",11,10,1
"551","Cudgen.creek",61,60,1
"552","Cuero.Salado",19,19,NA
"553","Cuesa",9,9,NA
"554","Cuitzeo",26,21,5
"555","Cuitzmala",12,12,NA
"556","Culiacan",16,16,NA
"557","Curaguate.1",4,4,NA
"558","Curaguate.2",8,8,NA
"559","Curdies",10,10,NA
"560","Curries",3,2,1
"561","Cusewijne",117,116,1
"562","Dafeng",15,15,NA
"563","Dagua",35,35,NA
"564","Dai.Giang",12,12,NA
"565","Daintree",58,58,NA
"566","Daisho.Sen",17,16,1
"567","Dalai.Nur",18,17,1
"568","Dalalven",28,26,2
"569","Dalaman.Cayi",34,32,2
"570","Daliao.He",65,55,10
"571","Daling.He",37,34,3
"572","Daliyya",12,12,NA
"573","Daly",65,65,NA
"574","Dam",22,21,1
"575","Danakil.Depression",2,2,NA
"576","Dane",31,20,11
"577","Danto",16,16,NA
"578","Danube",114,92,22
"579","Darbilla.creek",26,26,NA
"580","Darby",3,3,NA
"581","Dartmouth",8,7,1
"582","Das.Almas",18,16,2
"583","Dasht.e.Kavir",34,17,17
"584","Dasht.e.Lut",16,10,6
"585","Daui",1,1,NA
"586","Davey",7,7,NA
"587","Daxioujiang",124,121,3
"588","Dayang.He",58,56,2
"589","De.Grey",18,18,NA
"590","Dead.Sea",39,29,10
"591","Dean",30,29,1
"592","Death.Valley",40,10,30
"593","Deception",3,3,NA
"594","Deception.Bay",18,17,1
"595","Decoris",17,17,NA
"596","Deduru.Oya",47,44,3
"597","Dee.Scotland",13,12,1
"598","Dee.Wales",35,22,13
"599","Deep.Aus",9,9,NA
"600","Deep.Bel",17,17,NA
"601","Deep.creek",4,3,1
"602","Del.Carmen",15,8,7
"603","Delaford.Bay",6,6,NA
"604","Delaware",116,84,32
"605","Demerara",168,168,NA
"606","Denmark",42,41,1
"607","Densu",19,19,NA
"608","Derwent.Tas",50,41,9
"609","Derwent.UK",34,24,10
"610","Deschutes",24,24,NA
"611","Deseado",37,35,2
"612","Deshgan",3,3,NA
"613","Detention",8,7,1
"614","Devils.lake",11,3,8
"615","Devrekani.Cayi",39,36,3
"616","Diahot",14,11,3
"617","Dibamba",37,37,NA
"618","Diego.martin",24,23,1
"619","Dieprivier",3,3,NA
"620","Digul",47,47,NA
"621","Dim",4,4,NA
"622","Dives",22,20,2
"623","Dnepr",83,72,11
"624","Dnestr",85,71,14
"625","Doce",123,96,27
"626","Doctors",7,7,NA
"627","Doctors.creek",6,6,NA
"628","Dodo",26,26,NA
"629","Dodowa",8,8,NA
"630","Dogankent.Cayi",37,35,2
"631","Doggerup",7,7,NA
"632","Don",22,22,NA
"633","Don.Russia",79,62,17
"634","Don.Scotland",12,10,2
"635","Don.Tasman",8,7,1
"636","Dong.Cheon",36,35,1
"637","Dong.Nai",227,221,6
"638","Donnelly",16,11,5
"639","Doonan.creek",4,4,NA
"640","Dordogne",46,31,15
"641","Dorodong.creek",3,2,1
"642","Douglas",7,6,1
"643","Douro",36,22,14
"644","Doyle",3,2,1
"645","Draa",6,5,1
"646","Dry.creek",5,4,1
"647","Drysdale",19,19,NA
"648","Ducie",8,8,NA
"649","Duck",12,11,1
"650","Duck.creek",10,10,NA
"651","Duiwenhoks",7,4,3
"652","Dukes.Island",37,37,NA
"653","Duong.Dong",56,55,1
"654","Dvina",37,35,2
"655","Earn",23,20,3
"656","Earthquake.Springs.Drain",7,4,3
"657","East.Alligator",67,67,NA
"658","East.Gippsland",40,40,NA
"659","Eastmain",18,18,NA
"660","Ebe",34,34,NA
"661","Ebinur.Hu",15,14,1
"662","Ebranche",11,11,NA
"663","Ebro",53,31,22
"664","Eden",25,21,4
"665","Edisto",68,68,NA
"666","Edward",79,79,NA
"667","Eel",44,18,26
"668","Eersterivier",6,5,1
"669","Egegik",10,10,NA
"670","El.Abid",5,4,1
"671","El.Fuerte",36,35,1
"672","El.Harrach",6,6,NA
"673","El.Kebir.Annaba",6,4,2
"674","El.Kebir.Tabarka",4,4,NA
"675","El.Madene",4,4,NA
"676","El.Pescado",58,57,1
"677","Elbe",62,49,13
"678","Eleanor",5,5,NA
"679","Elimbah.creek",8,8,NA
"680","Elizabeth",9,8,1
"681","Ellen.Brook",4,3,1
"682","Ellesmere.un",1,1,NA
"683","Ellice",9,9,NA
"684","Elliot",14,13,1
"685","Elliott",29,28,1
"686","Elota",12,12,NA
"687","Elqui",6,5,1
"688","Eman",26,24,2
"689","Embilikala.Oya",30,28,2
"690","Embley",62,62,NA
"691","Ems",21,19,2
"692","Emu",6,5,1
"693","En.Namous",1,1,NA
"694","Endau",116,116,NA
"695","Endeavour",11,11,NA
"696","Enguri",32,31,1
"697","Enneri.Tomou",2,2,NA
"698","Eocheon.jeosuji",22,20,2
"699","Eojeon.ji",34,32,2
"700","Erin",7,7,NA
"701","Erne",17,8,9
"702","Escambia",115,108,7
"703","Escatawpa",75,71,4
"704","Esclavos",19,19,NA
"705","Escuro",3,3,NA
"706","Esfahan",23,12,11
"707","Esino",16,11,5
"708","Esk.NZ",15,12,3
"709","Esk.UK",22,19,3
"710","Esmeraldas",46,46,NA
"711","Esperance",9,8,1
"712","Esquinas",26,26,NA
"713","Essequibo",583,580,3
"714","Estero.Real",13,13,NA
"715","Estrela",14,14,NA
"716","Estrella",9,9,NA
"717","Etosha.Pan",36,36,NA
"718","Eumeralla",11,10,1
"719","Evans",9,9,NA
"720","Evinos",12,10,2
"721","Evros",72,57,15
"722","Evrotas",8,6,2
"723","Exploits",10,10,NA
"724","Eye",13,10,3
"725","Eyjafjardara",3,3,NA
"726","Eyl",2,2,NA
"727","Fagnano",6,4,2
"728","Fangcheng",27,25,2
"729","Farihy.Tsimanampetsotsa",1,1,NA
"730","Farmington",43,43,NA
"731","Fatala",50,49,1
"732","Fenny",39,39,NA
"733","Filiouri",22,18,4
"734","Finniss",31,31,NA
"735","Firtina",39,37,2
"736","Fitzmaurice",16,16,NA
"737","Fitzroy",10,10,NA
"738","Fitzroy.Kimberley",44,44,NA
"739","Fitzroy.Queensland",44,43,1
"740","Fjadarhornsa",3,3,NA
"741","Flaxbourne",8,8,NA
"742","Flinders.Norman",69,68,1
"743","Fljotaa",3,3,NA
"744","Flumendosa",14,9,5
"745","Fly",130,127,3
"746","Foglia",15,10,5
"747","Fortescue",18,18,NA
"748","Forth",25,21,4
"749","Fortore",7,4,3
"750","Fortuna",14,14,NA
"751","Four.Mile.Swamp",1,1,NA
"752","Foyle",16,8,8
"753","Frades",17,16,1
"754","Frankland",14,12,2
"755","Franklin",7,7,NA
"756","Fraser",51,39,12
"757","Freshwater",10,10,NA
"758","Fuego",1,1,NA
"759","Fuji",1,1,NA
"760","Fukang",5,5,NA
"761","Fukushima",10,9,1
"762","Fumm.Buhayrat.al.Manzalah",25,25,NA
"763","Futana",9,9,NA
"764","Fuzhou.He",20,19,1
"765","Gabreek",10,9,1
"766","Gairdner",3,1,2
"767","Gal.Oya",37,35,2
"768","Gallegos",8,6,2
"769","Gallikos",12,8,4
"770","Gambia",129,129,NA
"771","Gamtoos",14,11,3
"772","Ganges",393,369,24
"773","Gardner",11,10,1
"774","Gardner.lake",3,3,NA
"775","Garonne",54,29,25
"776","Gascoyne",7,6,1
"777","Gawler",8,7,1
"778","Gayabos",89,88,1
"779","Gaz",3,3,NA
"780","Geba",102,99,3
"781","Gediz",39,37,2
"782","Geirlandsa",3,3,NA
"783","Gellibrand",10,10,NA
"784","Genale.Wenz",33,32,1
"785","Genting",4,4,NA
"786","George.Canada",17,17,NA
"787","George.Tasma",12,10,2
"788","George.lake",67,67,NA
"789","Georges",40,35,5
"790","Ghaggar",19,19,NA
"791","Gharasu",18,14,4
"792","Giang",54,53,1
"793","Giddy",3,3,NA
"794","Gifford",2,2,NA
"795","Gin.Ganga",60,57,3
"796","Giraul",11,11,NA
"797","Girikula.Ara",30,28,2
"798","Glen",30,23,7
"799","Glenelg",27,20,7
"800","Glomma",23,17,6
"801","Glush",2,2,NA
"802","Glyde",37,37,NA
"803","Go",6,6,NA
"804","Goascoran",23,22,1
"805","Gobi.lakes",1,1,NA
"806","Godavari",99,93,6
"807","Godbaza",3,3,NA
"808","Gogol",33,31,2
"809","Gokase",6,5,1
"810","Goksu",30,28,2
"811","Golden.Stream",15,15,NA
"812","Goldsborough",14,14,NA
"813","Golo",13,10,3
"814","Golok",16,16,NA
"815","Golygina",16,16,NA
"816","Gombak",61,58,3
"817","Gonen",48,44,4
"818","Gonokawa",19,18,1
"819","Goomadeer",22,22,NA
"820","Gordon",14,11,3
"821","Gorgan",51,42,9
"822","Goryeo.ji",20,19,1
"823","Gosse",2,2,NA
"824","Gota.alv",39,37,2
"825","Goukou",23,21,2
"826","Gourits",19,12,7
"827","Grand.Pabos",11,10,1
"828","Grande.Argentina",4,3,1
"829","Grande.Argentina.2",22,22,NA
"830","Grande.Belize",18,18,NA
"831","Grande.Mexico.Pacifico",10,9,1
"832","Grande.Panama",58,52,6
"833","Grande.Panama.2",23,23,NA
"834","Grande.Trinidad",5,5,NA
"835","Grande.USA",200,156,44
"836","Grande.Ubatuba",72,72,NA
"837","Grande.de.San.Miguel",14,14,NA
"838","Gravatai",56,56,NA
"839","Great.Fish.River",87,82,5
"840","Great.Forester",12,11,1
"841","Great.Kei",35,34,1
"842","Great.Kwa.River",75,75,NA
"843","Great.Lakes.Mongolia",7,7,NA
"844","Great.Musselroe",8,7,1
"845","Great.Spectacle.lake",5,3,2
"846","Green",26,26,NA
"847","Greenough",7,6,1
"848","Greens.Bayou",53,40,13
"849","Gregory",18,17,1
"850","Grey",23,19,4
"851","Griffiths.Rivulet",4,3,1
"852","Grimsa",3,3,NA
"853","Groot.Brakrivier",3,3,NA
"854","Guacimal",30,30,NA
"855","Guadalete",14,10,4
"856","Guadalmesi",4,4,NA
"857","Guadalquivir",37,26,11
"858","Guadalupe",95,76,19
"859","Guadiana",38,26,12
"860","Guaiba",132,125,7
"861","Gualala",16,15,1
"862","Guanipa",72,72,NA
"863","Guapo",29,29,NA
"864","Guapo.Trinidad",10,10,NA
"865","Guaracara",3,3,NA
"866","Guarapari",11,11,NA
"867","Guariquen",32,32,NA
"868","Guayaguayare",8,8,NA
"869","Guayas",96,96,NA
"870","Gudenaa",35,29,6
"871","Guir",3,2,1
"872","Gumista",22,21,1
"873","Gunyulgup.Brook",3,3,NA
"874","Gurrbirri.creek",7,7,NA
"875","Haademeeste",8,8,NA
"876","Haast",15,14,1
"877","Hacking",26,25,1
"878","Hadachon",23,22,1
"879","Haemyong.ni",28,27,1
"880","Hai.He",135,126,9
"881","Hairjuzova",18,18,NA
"882","Haksan.chon",37,35,2
"883","Hamana.ko",6,6,NA
"884","Hamasat",1,1,NA
"885","Hamersley",6,6,NA
"886","Hami",9,8,1
"887","Han",89,87,2
"888","Han.Korea",111,107,4
"889","Hanami",8,8,NA
"890","Hanjiang",96,93,3
"891","Hanlon.creek",1,1,NA
"892","Haparapara",8,8,NA
"893","Hapuku",3,3,NA
"894","Haraz",43,33,10
"895","Harding",15,15,NA
"896","Hartenbosrivier",2,NA,2
"897","Haso",16,15,1
"898","Hassan.Langi",13,10,3
"899","Hastings",36,35,1
"900","Hatea",14,9,5
"901","Hato",11,11,NA
"902","Hatyrka",22,22,NA
"903","Haughton",25,25,NA
"904","Haukadalsa",3,3,NA
"905","Haunted.Gully",4,3,1
"906","Hawkesbury",66,60,6
"907","Hay.1",7,6,1
"908","Hay.2",2,2,NA
"909","Haya",6,2,4
"910","Hazako",9,8,1
"911","Heaphy",12,11,1
"912","Heathcote",13,11,2
"913","Heda.Oya",33,31,2
"914","Hei",2,2,NA
"915","Heichan.Wan",18,17,1
"916","Hekirichi",5,3,2
"917","Helawe.Ara",30,28,2
"918","Heleh",17,15,2
"919","Helge.a",24,23,1
"920","Helmand",37,27,10
"921","Hengjiang",13,13,NA
"922","Henty",8,6,2
"923","Herault",43,28,15
"924","Heraz",66,50,16
"925","Herbert",24,24,NA
"926","Herbert.creek",8,8,NA
"927","Heuningnesrivier",9,7,2
"928","Heyan",9,8,1
"929","Hidaka",10,10,NA
"930","Hiki",3,3,NA
"931","Hill",2,2,NA
"932","Hillsborough",66,61,5
"933","Hillsborough.Tobago",7,7,NA
"934","Himmiste",5,5,NA
"935","Hindmarsh",4,3,1
"936","Hinds",16,11,5
"937","Hirotogawa",13,12,1
"938","Hitara",3,3,NA
"939","Hiva.Oa1",7,7,NA
"940","Hiva.Oa2",8,8,NA
"941","Hiva.Oa3",10,10,NA
"942","Hiyamaji",10,10,NA
"943","Hoarusib",17,17,NA
"944","Hoeya",23,23,NA
"945","Hofsa",4,4,NA
"946","Hogans.Lagoon",5,5,NA
"947","Hoje.a",19,17,2
"948","Hokitika",22,18,4
"949","Holroyd",45,45,NA
"950","Homathako",26,25,1
"951","Hondo",46,44,2
"952","Honmyo",11,11,NA
"953","Hopkins",28,24,4
"954","Hordudalsa",3,3,NA
"955","Horton",14,14,NA
"956","Hoteo",12,10,2
"957","Houailou",7,5,2
"958","Houlong",29,29,NA
"959","Housatonic",72,41,31
"960","House.creek",3,2,1
"961","Hovell.creek",5,5,NA
"962","Howard",18,18,NA
"963","Hrolleifsdalsa",3,3,NA
"964","Hroma",25,25,NA
"965","Hrutafjardara.Sika",3,3,NA
"966","Hsiukuluan",15,15,NA
"967","Hu",31,31,NA
"968","Huanghe",142,140,2
"969","Huasco",8,7,1
"970","Huatokitoki",11,10,1
"971","Hudson",132,95,37
"972","Huixtla",11,11,NA
"973","Humber",11,10,1
"974","Humboldt",42,11,31
"975","Hungnim.josuji",36,35,1
"976","Hunter",45,41,4
"977","Huon",15,13,2
"978","Huong",87,84,3
"979","Huongsan",39,37,2
"980","Hurst.creek",8,7,1
"981","Hurunui",16,13,3
"982","Hutt",5,4,1
"983","Hvita",4,4,NA
"984","Hwabuk.chon",8,8,NA
"985","Hwalien",16,16,NA
"986","Hwasang.chon",28,27,1
"987","Hwasun.hang",10,10,NA
"988","Hyams.creek",7,6,1
"989","Hyoja.je",23,22,1
"990","Iama",18,18,NA
"991","Ibi",20,18,2
"992","Ibo",15,15,NA
"993","Icajao",9,9,NA
"994","Ichi",13,13,NA
"995","Ichkeul",10,9,1
"996","Ihunui",7,7,NA
"997","Ijser",24,19,5
"998","Illogwa.creek",1,1,NA
"999","Ilyushina",3,3,NA
"1000","Imagawa.Fukuoka",16,16,NA
"1001","Imaichi",1,1,NA
"1002","Imandra",22,22,NA
"1003","Imari",14,14,NA
"1004","Imari.wan",10,10,NA
"1005","Imchon.josuji",36,34,2
"1006","Imo",87,87,NA
"1007","Imperial",19,15,4
"1008","Incomati",106,99,7
"1009","Indaial",13,13,NA
"1010","Indalsalven",28,27,1
"1011","Indigirka",32,32,NA
"1012","Indio",4,4,NA
"1013","Indragiri",50,50,NA
"1014","Indus",254,238,16
"1015","Inglis",12,10,2
"1016","Inner.Harbor",1,NA,1
"1017","Innuksuac",8,8,NA
"1018","Inya",22,22,NA
"1019","Ione.Wash",2,2,NA
"1020","Iracoubo",108,108,NA
"1021","Irharhar",9,4,5
"1022","Irminio",6,4,2
"1023","Irrawaddy",202,196,6
"1024","Irwell",21,12,9
"1025","Irwin",4,3,1
"1026","Isa",36,35,1
"1027","Isdell",11,11,NA
"1028","Ishikari",10,10,NA
"1029","Isis",26,25,1
"1030","Issyk.Kul",31,11,20
"1031","Itanhaem",51,49,2
"1032","Itanhem",30,28,2
"1033","Itapecuru",73,71,2
"1034","Itapitangui",13,13,NA
"1035","Itata",23,16,7
"1036","Itaunas",47,46,1
"1037","Ithikkara",19,19,NA
"1038","Ivoloina",4,2,2
"1039","Ivondro",49,48,1
"1040","Iwaki",13,11,2
"1041","Iznik",19,15,4
"1042","Jaagarahu.Sadam",6,6,NA
"1043","Jaboatao",8,7,1
"1044","Jacarei",6,6,NA
"1045","Jaceyl.Bid",1,1,NA
"1046","Jack",18,17,1
"1047","Jackson",12,12,NA
"1048","Jagala",17,17,NA
"1049","Jaguaribe",31,30,1
"1050","Jaguaripe",36,33,3
"1051","Jallabi",4,4,NA
"1052","Jalle.Blanquefort",26,19,7
"1053","Jamaja",3,3,NA
"1054","Jamapa",48,48,NA
"1055","James",102,86,16
"1056","Jamur",23,23,NA
"1057","Japara.Grande",6,6,NA
"1058","Jara",9,9,NA
"1059","Jardine",27,27,NA
"1060","Jarise",3,3,NA
"1061","Jasper",5,5,NA
"1062","Jausa",4,4,NA
"1063","Jeannie",7,7,NA
"1064","Jegeen",10,9,1
"1065","Jemaja",7,7,NA
"1066","Jequetepeque",13,10,3
"1067","Jequirica",14,13,1
"1068","Jequitinhonha",75,72,3
"1069","Jesus.Maria",14,14,NA
"1070","Jianjiang",60,58,2
"1071","Jiaodong.He",46,45,1
"1072","Jiuojiang",88,86,2
"1073","Joao.de.Tiba",11,11,NA
"1074","Johore",72,72,NA
"1075","Jokulsa.Dal",4,4,NA
"1076","Jokulsa.Flotsdal",3,3,NA
"1077","Jokulsa.a.Fjollum",4,4,NA
"1078","Jordana.Draw",3,3,NA
"1079","Josan.Ho",11,11,NA
"1080","Juan.Blanco",16,15,1
"1081","Jucar",38,24,14
"1082","Jucurucu",66,64,2
"1083","Jupiter",11,11,NA
"1084","Jurong",7,7,NA
"1085","Jurubatuba",47,47,NA
"1086","Kaba",73,72,1
"1087","Kabeljousrivier",3,3,NA
"1088","Kaberla",9,9,NA
"1089","Kachigal.Ara",30,28,2
"1090","Kadalundi",31,30,1
"1091","Kaeda",5,4,1
"1092","Kaeo",9,8,1
"1093","Kaesan.josuji",23,22,1
"1094","Kahak.chosuji",28,27,1
"1095","Kahutara",12,11,1
"1096","Kai.Iwi",9,6,3
"1097","Kaipara",13,10,3
"1098","Kaituna",21,16,5
"1099","Kaituna.2",9,8,1
"1100","Kaiwaka",10,9,1
"1101","Kaiwhata",7,7,NA
"1102","Kajwa.je",22,20,2
"1103","Kakaho",21,16,5
"1104","Kakanui",17,13,4
"1105","Kakum",3,3,NA
"1106","Kal.aru",30,28,2
"1107","Kal.e.Shur",4,4,NA
"1108","Kala.Oya",36,34,2
"1109","Kalabakan",58,58,NA
"1110","Kalagamu.Oya",30,28,2
"1111","Kalamas",17,12,5
"1112","Kalgan",17,15,2
"1113","Kalixalven",35,31,4
"1114","Kallada",54,52,2
"1115","Kallayi",33,33,NA
"1116","Kalu.Ganga",64,59,5
"1117","Kamchatka",21,19,2
"1118","Kamdun.josuji",42,40,2
"1119","Kamenka",1,1,NA
"1120","Kamiji",22,19,3
"1121","Kaminokawa",6,6,NA
"1122","Kamo",11,9,2
"1123","Kampar",122,120,2
"1124","Kanakarayan.Aru",30,28,2
"1125","Kanariktok",11,11,NA
"1126","Kangikadichi.Aar",30,28,2
"1127","Kangp.o",32,32,NA
"1128","Kangsu.josuji",26,25,1
"1129","Kanita",4,4,NA
"1130","Kano",3,3,NA
"1131","Kantalai.basin",36,34,2
"1132","Kaoping",34,32,2
"1133","Kapisigdlit",2,2,NA
"1134","Kapuas",293,293,NA
"1135","Karagan.Oya",30,28,2
"1136","Karamana",25,25,NA
"1137","Karambalan.Oya",31,29,2
"1138","Karambe.Ara",30,28,2
"1139","Karamea",12,11,1
"1140","Karamenderes",44,40,4
"1141","Karanda.Oya",30,28,2
"1142","Karangarua",14,12,2
"1143","Karatararivier",22,21,1
"1144","Kargi",7,6,1
"1145","Kariegarivier",75,71,4
"1146","Kariyamgode",52,51,1
"1147","Karja",7,7,NA
"1148","Karjaste",4,4,NA
"1149","Karouabo",44,44,NA
"1150","Karpuz",2,2,NA
"1151","Karuah",13,12,1
"1152","Karujarv",7,7,NA
"1153","Karunde.Ara",30,28,2
"1154","Kas",11,11,NA
"1155","Kasab",3,3,NA
"1156","Kasari",21,21,NA
"1157","Kasi.chon",11,10,1
"1158","Katase",4,4,NA
"1159","Katupila.Ara",30,28,2
"1160","Kauaeranga",12,11,1
"1161","Kaunispe",3,3,NA
"1162","Kaupokonui",10,9,1
"1163","Kavlingean",28,25,3
"1164","Kawajiri",2,2,NA
"1165","Kawakawa",16,14,2
"1166","Kawatana",8,8,NA
"1167","Kearney.lake",7,6,1
"1168","Keep",48,48,NA
"1169","Kei",38,32,6
"1170","Keila",16,16,NA
"1171","Kelani.Ganga",71,62,9
"1172","Kelantan",120,120,NA
"1173","Kelasuri",20,19,1
"1174","Keliling",12,12,NA
"1175","Kellett",3,3,NA
"1176","Kemijoki",27,26,1
"1177","Kemp.Welch",5,4,1
"1178","Kendawangan",71,71,NA
"1179","Kennebec",62,46,16
"1180","Kent",12,10,2
"1181","Kereu",10,10,NA
"1182","Kerian",49,46,3
"1183","Kerikeri",16,13,3
"1184","Kerman",12,4,8
"1185","Kersang",39,38,1
"1186","Kesen",4,4,NA
"1187","Keta.Lagoon",10,10,NA
"1188","Keuprotchay",36,34,2
"1189","Keurbooms",24,23,1
"1190","Keziv",9,9,NA
"1191","Khanan",17,17,NA
"1192","Khatanga",34,34,NA
"1193","Khawr.Arba.at",3,3,NA
"1194","Khobi",25,24,1
"1195","Khvoinaya",3,3,NA
"1196","Kienke",120,120,NA
"1197","Kievka",10,10,NA
"1198","Kifissos.Att",3,2,1
"1199","Kifissos.Beo",13,6,7
"1200","Kikori",70,68,2
"1201","Kilsan.chon",55,53,2
"1202","Kilu.Impini.creek",4,4,NA
"1203","Kimotsuki",6,5,1
"1204","Kinabatangan",80,80,NA
"1205","King.1",5,4,1
"1206","King.2",7,6,1
"1207","King.Edward",39,39,NA
"1208","King.George",10,10,NA
"1209","Kinokawa",9,9,NA
"1210","Kirama.Oya",30,28,2
"1211","Kirimechchi.odai",30,28,2
"1212","Kirindi.Oya",37,35,2
"1213","Kirkeuz",3,3,NA
"1214","Kishida",11,11,NA
"1215","Kisiwani",3,3,NA
"1216","Kiso",8,8,NA
"1217","Kitagata.ko",10,9,1
"1218","Kitakami",22,21,1
"1219","Kitovaya",1,1,NA
"1220","Kitsa",3,3,NA
"1221","Kittam",88,88,NA
"1222","Kivu",44,43,1
"1223","Kiyotake",2,1,1
"1224","Kizilirmak",43,40,3
"1225","Klamath",65,35,30
"1226","Klein.Brakrivier",13,13,NA
"1227","Klinaklini",29,28,1
"1228","Klong.Khruv.Wai",36,36,NA
"1229","Kloostri",9,9,NA
"1230","Knysnarivier",67,67,NA
"1231","Kobang.chon",23,22,1
"1232","Kobu.chon",50,48,2
"1233","Kodalikkallu.Aru",30,28,2
"1234","Kodori",28,27,1
"1235","Kogaluk",10,10,NA
"1236","Koggala.lake",30,28,2
"1237","Kogon",62,61,1
"1238","Koiva",17,17,NA
"1239","Kokemaenjoki",35,33,2
"1240","Kokpokchan",48,46,2
"1241","Kolan",28,27,1
"1242","Kolente",106,106,NA
"1243","Koliba",75,73,2
"1244","Koltsi",3,3,NA
"1245","Kolyma",35,35,NA
"1246","Komenotsu",10,10,NA
"1247","Kongakut",18,18,NA
"1248","Kongnung.chon",41,39,2
"1249","Konkoure",97,94,3
"1250","Konyang.chon",20,19,1
"1251","Koolatong",26,26,NA
"1252","Koppi",21,21,NA
"1253","Kopuapounamu",11,11,NA
"1254","Kopurererua",15,12,3
"1255","Kor",28,22,6
"1256","Korea.un.1",28,27,1
"1257","Korea.un.2",30,29,1
"1258","Korea.un.3",58,57,1
"1259","Kosi.River",106,106,NA
"1260","Kouffo",13,13,NA
"1261","Kouilou",148,147,1
"1262","Koukdjuak",3,3,NA
"1263","Koup.chon",26,25,1
"1264","Kourou",137,137,NA
"1265","Koutno",27,26,1
"1266","Kowai",8,6,2
"1267","Kowhai",6,6,NA
"1268","Kowie.River",77,72,5
"1269","Koya",22,22,NA
"1270","Koza",5,5,NA
"1271","Krasheninnikova",1,1,NA
"1272","Krishna",153,144,9
"1273","Krka",18,15,3
"1274","Kromrivier",19,19,NA
"1275","Kronockaja",20,19,1
"1276","Ku.Ryu.Po",11,10,1
"1277","Kuam.chon",23,21,2
"1278","Kuantan",23,23,NA
"1279","Kuap",64,63,1
"1280","Kuban",87,66,21
"1281","Kucukmenderes",35,33,2
"1282","Kudafljot",2,2,NA
"1283","Kuiburi",19,19,NA
"1284","Kuiseb",2,2,NA
"1285","Kuji.Ibaraki",4,3,1
"1286","Kuji.Iwate",6,6,NA
"1287","Kul",22,17,5
"1288","Kum",120,115,5
"1289","Kuma",15,14,1
"1290","Kumano",1,1,NA
"1291","Kumbukkan.Oya",34,32,2
"1292","Kumgok.chi",17,16,1
"1293","Kumjon",23,22,1
"1294","Kumnung.ni",7,7,NA
"1295","Kumo",15,14,1
"1296","Kumsong.chon",10,9,1
"1297","Kumusi",18,18,NA
"1298","Kunchikumban.Aru",30,28,2
"1299","Kunda",21,20,1
"1300","Kundalika",65,55,10
"1301","Kunene",62,62,NA
"1302","Kungok.chosuji",27,25,2
"1303","Kungsan.josuji",21,19,2
"1304","Kungye.chon",31,29,2
"1305","Kunnae",9,8,1
"1306","Kuppam",39,37,2
"1307","Kura",91,79,12
"1308","Kurau",36,35,1
"1309","Kurdlu",9,9,NA
"1310","Kushiro",7,7,NA
"1311","Kuskokwim",26,26,NA
"1312","Kuttiadi",40,38,2
"1313","Kuujjua",4,4,NA
"1314","Kuybyshevskoe",11,11,NA
"1315","Kuzuryu",7,7,NA
"1316","Kwa.Ibo",55,55,NA
"1317","Kwangjong.chon",27,26,1
"1318","Kwanum.am",32,31,1
"1319","Kwoor",1,1,NA
"1320","Ky.Lo",38,38,NA
"1321","Kymijoki",41,38,3
"1322","Kyoga",89,86,3
"1323","Kyongpo.chon",50,48,2
"1324","Kyrulka",6,6,NA
"1325","La.Grande",17,17,NA
"1326","La.Grande.Gasp",7,6,1
"1327","La.Libertad.Negros",6,2,4
"1328","La.Purisima",14,13,1
"1329","La.Sabana",9,9,NA
"1330","La.Trobe",23,13,10
"1331","La.cuesa",12,12,NA
"1332","Labrador.un",10,10,NA
"1333","Labuk",46,46,NA
"1334","Lac.Assal",1,1,NA
"1335","Lac.Bulera",8,8,NA
"1336","Lac.Retba",5,5,NA
"1337","Lagan.Swe",22,21,1
"1338","Lagan.UK",20,13,7
"1339","Lago.Buenos.Aires",4,4,NA
"1340","Lago.Epecuen",7,7,NA
"1341","Lago.Ghio",1,1,NA
"1342","Lago.del.Venado",8,8,NA
"1343","Lagoa.Negra",25,25,NA
"1344","Lagos.Lagoon",125,125,NA
"1345","Laguna.Chasico",6,6,NA
"1346","Laguna.Cochico",14,14,NA
"1347","Laguna.Inchauspe",16,15,1
"1348","Laguna.Las.Tunas.Grandes",9,8,1
"1349","Laguna.Municipal",11,11,NA
"1350","Laguna.Pincen",2,2,NA
"1351","Laguna.Salada.Grande",11,11,NA
"1352","Laguna.del.Monte",8,8,NA
"1353","Lagune.Aby",25,25,NA
"1354","Lagune.Ebrie",77,77,NA
"1355","Lagune.Tadjo",9,9,NA
"1356","Laita",20,18,2
"1357","Lake.Albert",69,69,NA
"1358","Lake.Arawak",3,3,NA
"1359","Lake.Arthur",2,2,NA
"1360","Lake.Austin",1,1,NA
"1361","Lake.Boga",3,2,1
"1362","Lake.Brewster",1,1,NA
"1363","Lake.Bringalbert",3,3,NA
"1364","Lake.Buchanan",2,2,NA
"1365","Lake.Bunyonyi",5,5,NA
"1366","Lake.Carnanto",1,1,NA
"1367","Lake.Colongulac",2,2,NA
"1368","Lake.Davies",3,3,NA
"1369","Lake.Eyre",6,6,NA
"1370","Lake.Eyre.Basin",42,36,6
"1371","Lake.Frome",5,5,NA
"1372","Lake.George",3,1,2
"1373","Lake.Gregory",2,2,NA
"1374","Lake.Hawdon.North",1,1,NA
"1375","Lake.Hindmarsh",15,11,4
"1376","Lake.Illawarra",19,18,1
"1377","Lake.Innes",12,11,1
"1378","Lake.Lewis",8,8,NA
"1379","Lake.Machattie",7,7,NA
"1380","Lake.Macquarie",24,23,1
"1381","Lake.Magadi.1",1,1,NA
"1382","Lake.Magadi.2",5,5,NA
"1383","Lake.Malombe",50,50,NA
"1384","Lake.Manyara",11,11,NA
"1385","Lake.Moore",8,6,2
"1386","Lake.Omeo",3,3,NA
"1387","Lake.Piso",15,15,NA
"1388","Lake.Preston",3,2,1
"1389","Lake.Rukwa",65,65,NA
"1390","Lake.Saint.Lucia",90,89,1
"1391","Lake.Torrens",4,3,1
"1392","Lake.Tyrrell",5,3,2
"1393","Lake.Wallace",3,2,1
"1394","Lakekamu",24,23,1
"1395","Laloki",60,54,6
"1396","Lamas.Cayi",30,28,2
"1397","Lambeau",8,7,1
"1398","Lancetilla",30,30,NA
"1399","Lang.Lang",11,11,NA
"1400","Langvlei",3,3,NA
"1401","Lanyang",29,29,NA
"1402","Las.Pocitas",12,9,3
"1403","Laut",2,2,NA
"1404","Lavaca",59,54,5
"1405","Lawley",16,16,NA
"1406","Laxa.Leirarsveit",3,3,NA
"1407","Laxao",4,4,NA
"1408","Lay",29,19,10
"1409","Lean",21,21,NA
"1410","Lebna",2,2,NA
"1411","Leca",13,7,6
"1412","Leguer",14,12,2
"1413","Leisi",6,6,NA
"1414","Lekki.Lagoon",47,47,NA
"1415","Lembang",40,40,NA
"1416","Lemme",7,7,NA
"1417","Lempa",36,32,4
"1418","Lena",47,47,NA
"1419","Lengguru",9,9,NA
"1420","Lerma.de.Santiago",129,116,13
"1421","Leven",21,15,6
"1422","Leviathan.creek",4,4,NA
"1423","Leyre",23,16,7
"1424","Lez",33,21,12
"1425","Lianjiang",36,34,2
"1426","Liao.He",139,134,5
"1427","Lima",21,16,5
"1428","Limbe.River",12,12,NA
"1429","Limmen.Bight",26,26,NA
"1430","Limpopo",116,100,16
"1431","Lingshui.He",43,40,3
"1432","Lis",18,12,6
"1433","Liscia",10,3,7
"1434","Lislis",18,18,NA
"1435","Littabella.creek",4,4,NA
"1436","Little",3,3,NA
"1437","Little.Forester",10,9,1
"1438","Little.Henty",5,4,1
"1439","Little.Manatee",47,42,5
"1440","Little.Musselroe",5,5,NA
"1441","Little.Para",5,5,NA
"1442","Little.Swanport",12,9,3
"1443","Liugu.He",25,23,2
"1444","Liverpool",46,46,NA
"1445","Liverpool.creek",3,3,NA
"1446","Liwu",7,7,NA
"1447","Ljungan",21,20,1
"1448","Ljusnan",18,16,2
"1449","Llobregat",12,9,3
"1450","Lobe",63,63,NA
"1451","Lochaber.Swamp",3,3,NA
"1452","Lofa",76,76,NA
"1453","Logan",14,13,1
"1454","Logan.Lagoon",2,2,NA
"1455","Logdealven",16,15,1
"1456","Loire",59,34,25
"1457","Lokoho",7,7,NA
"1458","Lokoundje",57,57,NA
"1459","Lomala",6,6,NA
"1460","Longshou.He",13,13,NA
"1461","Loo",11,11,NA
"1462","Loobu",20,20,NA
"1463","Lopemeri",3,3,NA
"1464","Lopez.Island",9,9,NA
"1465","Lopukhovaya",1,1,NA
"1466","Lorentz",56,56,NA
"1467","Los.Angeles",45,12,33
"1468","Los.Blanquizales",8,8,NA
"1469","Los.Olmos.creek",22,13,9
"1470","Loubi",62,62,NA
"1471","Loudias",30,25,5
"1472","Loukos",12,10,2
"1473","Louros",17,12,5
"1474","Lovu",12,11,1
"1475","Loy",10,9,1
"1476","Lucindale",1,1,NA
"1477","Ludlow",6,4,2
"1478","Luguse",5,5,NA
"1479","Lune",8,7,1
"1480","Lut",10,5,5
"1481","Luzhnanka",5,5,NA
"1482","Lyutoga",10,10,NA
"1483","MPolongwe",10,10,NA
"1484","Ma.Oya",33,31,2
"1485","Ma.chon",20,20,NA
"1486","Maavli",7,7,NA
"1487","Mabechi",11,10,1
"1488","MacKay",1,1,NA
"1489","Macacu",56,55,1
"1490","Machiya",5,5,NA
"1491","Mackenzie",43,40,3
"1492","Macleay",39,37,2
"1493","Maclennan.creek",4,3,1
"1494","Macmillian",4,4,NA
"1495","Madampe.lake",30,28,2
"1496","Madeleine",8,7,1
"1497","Madeleine.Island.un",4,4,NA
"1498","Madong",6,5,1
"1499","Madre.de.Dios",17,17,NA
"1500","Madurankuli.Aru",30,28,2
"1501","Maduru.Oya",39,37,2
"1502","Maduwa",6,6,NA
"1503","Mae.Kawa",8,6,2
"1504","Mae.Khlong",235,231,4
"1505","Maehwa",32,31,1
"1506","Maekawa",6,5,1
"1507","Maemoisa",3,3,NA
"1508","Mafa.River",15,15,NA
"1509","Magalavatavan.Aru",33,31,2
"1510","Magari.Jarv",3,3,NA
"1511","Magdalena",274,262,12
"1512","Mageonggang",94,89,5
"1513","Maha.Oya",37,35,2
"1514","Mahakam",198,189,9
"1515","Mahanadi",23,22,1
"1516","Maharlu",12,8,4
"1517","Mahaseelawa.Oya",30,28,2
"1518","Mahaweli.Ganga",59,52,7
"1519","Mahi",32,31,1
"1520","Mahitahi",12,11,1
"1521","Mailmans.creek",2,2,NA
"1522","Maipo",31,21,10
"1523","Maitland",11,11,NA
"1524","Makarachchi.Aur",30,28,2
"1525","Makawhio",13,12,1
"1526","Maksimouka",33,32,1
"1527","Malacara",6,6,NA
"1528","Malala.Oya",31,29,2
"1529","Malawi",448,447,1
"1530","Malbaie",6,5,1
"1531","Maldonado",6,6,NA
"1532","Malheur.lake",14,14,NA
"1533","Malmanoury",52,52,NA
"1534","Malselva",9,8,1
"1535","Malu",15,14,1
"1536","Mamberamo",67,63,4
"1537","Mana",252,252,NA
"1538","Mananjary",30,25,5
"1539","Manatee",38,34,4
"1540","Manawapou",2,1,1
"1541","Manawatu",27,20,7
"1542","Mand",23,21,2
"1543","Mandad",45,40,5
"1544","Mandan.Aru",30,28,2
"1545","Mandipattu.Aru",30,28,2
"1546","Mandor",54,54,NA
"1547","Mandu.Ganga",30,28,2
"1548","Mangakuri",7,7,NA
"1549","Mangaone",22,17,5
"1550","Mangawhero",16,14,2
"1551","Mangoro",35,25,10
"1552","Mangwol.chon",37,35,2
"1553","Manimala",4,4,NA
"1554","Maningory",9,7,2
"1555","Manjeswaram",20,19,1
"1556","Manniku",7,7,NA
"1557","Manning",30,27,3
"1558","Mano",53,53,NA
"1559","Manuka.creek",5,4,1
"1560","Manzanares",11,11,NA
"1561","Maoling",36,35,1
"1562","Mar.Chiquita",91,87,4
"1563","Maraetotara",13,11,2
"1564","Maraval",6,5,1
"1565","Marbelup.Brook",9,7,2
"1566","Margaree",20,20,NA
"1567","Margaret",13,8,5
"1568","Maria.Lucinda",19,19,NA
"1569","Maribyrnong",21,13,8
"1570","Marion.creek",7,7,NA
"1571","Marjasoo",5,5,NA
"1572","Markham",21,19,2
"1573","Maro",53,52,1
"1574","Marokopa",8,6,2
"1575","Maroni",373,373,NA
"1576","Maroochy",12,12,NA
"1577","Maruyama",13,13,NA
"1578","Mary",57,49,8
"1579","Mashkel",12,10,2
"1580","Massa",2,2,NA
"1581","Mataikona",9,9,NA
"1582","Matapalo",37,37,NA
"1583","Matape",14,14,NA
"1584","Mataquito",16,14,2
"1585","Mataura",18,15,3
"1586","Matelot",3,3,NA
"1587","Matina",40,39,1
"1588","Matsuda",2,2,NA
"1589","Matsuura",16,15,1
"1590","Matsuzaki",9,7,2
"1591","Mattaponi",80,49,31
"1592","Maule",18,14,4
"1593","Maullin",24,21,3
"1594","Maup",25,24,1
"1595","Maxwell",18,18,NA
"1596","May",13,13,NA
"1597","Mayo",22,22,NA
"1598","Mazabi",3,3,NA
"1599","McArthur",46,46,NA
"1600","McKeand",3,3,NA
"1601","Mccossiens.Swamp",2,1,1
"1602","Mcivor",13,13,NA
"1603","Me",50,49,1
"1604","Medjerda",12,7,5
"1605","Medvezhya",1,1,NA
"1606","Mee.Oya",30,28,2
"1607","Meenachil",13,12,1
"1608","Meherrin",105,89,16
"1609","Mekong",930,901,29
"1610","Melet.Cayi",37,35,2
"1611","Meme",52,52,NA
"1612","Mempawah",34,34,NA
"1613","Menik.Ganga",36,34,2
"1614","Mentawak",12,12,NA
"1615","Meredith",11,10,1
"1616","Mereubo",6,6,NA
"1617","Mereya",10,10,NA
"1618","Merin",138,137,1
"1619","Mermentau",63,63,NA
"1620","Merri",34,26,8
"1621","Merrimack",73,51,22
"1622","Merriman.creek",5,5,NA
"1623","Mersey",17,15,2
"1624","Mert",6,6,NA
"1625","Meshik",7,7,NA
"1626","Metauro",19,11,8
"1627","Meuse",73,46,27
"1628","Mfolozi",50,49,1
"1629","Mhlatuzana",16,13,3
"1630","Mhlatuze",74,72,2
"1631","Mi.Oya",35,33,2
"1632","Middle.Harbour",24,23,1
"1633","Midfjardara",3,3,NA
"1634","Midfjardara.Bakkafjordur",2,2,NA
"1635","Midorikawa",11,10,1
"1636","Mijares",18,12,6
"1637","Mije.josuji",38,36,2
"1638","Miliane",5,4,1
"1639","Mimi.kawa",1,1,NA
"1640","Mimi.kawa.2",13,11,2
"1641","Minab",13,10,3
"1642","Minamata",4,4,NA
"1643","Mineralnyi",5,5,NA
"1644","Minho",24,17,7
"1645","Minilya",2,1,1
"1646","Mira.Ecuador",26,26,NA
"1647","Mira.Portugal",12,9,3
"1648","Miramichi",37,35,2
"1649","Mishamattawa",39,39,NA
"1650","Mission",14,14,NA
"1651","Mississippi",501,435,66
"1652","Mitchell",9,9,NA
"1653","Mitchell.Queensland",63,62,1
"1654","Mitchell.Victoria",46,38,8
"1655","Miya",11,11,NA
"1656","Mkomazi",49,48,1
"1657","Moa",127,125,2
"1658","Modaragam.Aru",30,28,2
"1659","Moeraki",14,13,1
"1660","Mogami",1,1,NA
"1661","Mogocenega",15,15,NA
"1662","Mogral",22,21,1
"1663","Mohaka",17,14,3
"1664","Moho",25,25,NA
"1665","Moisie",17,17,NA
"1666","Mojave",1,1,NA
"1667","Mokau",23,19,4
"1668","Mokihinui",14,13,1
"1669","Monbetsu",7,7,NA
"1670","Mondego",32,24,8
"1671","Monkey",19,19,NA
"1672","Mono",86,86,NA
"1673","Mont.Louis",3,3,NA
"1674","Montagu",7,6,1
"1675","Moongil.Ara",30,28,2
"1676","Moorabool",19,12,7
"1677","Moorea",12,10,2
"1678","Moose",35,35,NA
"1679","Moovattupuzha",4,4,NA
"1680","Mopo",10,9,1
"1681","Morehead",59,57,2
"1682","Mori",1,1,NA
"1683","Morrumsan",23,21,2
"1684","Moruga",15,15,NA
"1685","Moruka",52,52,NA
"1686","Moruya",21,20,1
"1687","Mosquito.creek",10,7,3
"1688","Mossman",27,27,NA
"1689","Motagua",43,43,NA
"1690","Motoro",15,15,NA
"1691","Motu",16,14,2
"1692","Motueka",21,17,4
"1693","Motunau",7,7,NA
"1694","Moulouya",7,6,1
"1695","Moutere",11,8,3
"1696","Moyanjiang",75,73,2
"1697","Moyle",25,25,NA
"1698","Moyne",11,11,NA
"1699","Mpambanyoni",17,16,1
"1700","Mtata",63,59,4
"1701","Muar",80,78,2
"1702","Mucuri",68,62,6
"1703","Muda",25,25,NA
"1704","Muir",6,4,2
"1705","Mulege",58,57,1
"1706","Mulgrave",63,61,2
"1707","Mullins",6,6,NA
"1708","Mundau",96,94,2
"1709","Mundeni.Aru",33,31,2
"1710","Murchison",10,10,NA
"1711","Muromi",15,15,NA
"1712","Murrah",3,3,NA
"1713","Murray",22,16,6
"1714","Murray.Darling",73,59,14
"1715","Murray.creek",3,3,NA
"1716","Musa",6,6,NA
"1717","Musi",131,130,1
"1718","Musone",10,8,2
"1719","Mustoja",15,15,NA
"1720","Mwena",5,5,NA
"1721","Myakka",59,43,16
"1722","Myall.Crawford",25,24,1
"1723","Myonsu.dong",9,9,NA
"1724","Myponga",6,6,NA
"1725","Mzimkulu",28,28,NA
"1726","Mzimvubu",41,39,2
"1727","Mzumbe",2,1,1
"1728","Na.aman",9,9,NA
"1729","Nacaome",25,24,1
"1730","Nadgee",13,13,NA
"1731","Nadym",30,30,NA
"1732","Naeng.chon",14,13,1
"1733","Nagan",6,6,NA
"1734","Nahoon.River",14,10,4
"1735","Naivasha",8,1,7
"1736","Naka.Ibaraki",11,8,3
"1737","Nakdong",122,114,8
"1738","Nam.chon",32,31,1
"1739","Namadagas.Ara",30,28,2
"1740","Namak",29,16,13
"1741","Namakada.Aru",30,28,2
"1742","Nambari",7,4,3
"1743","Nambucca",42,41,1
"1744","Namdae",28,27,1
"1745","Namorona",8,1,7
"1746","Namphu",13,13,NA
"1747","Namsang.chon",33,32,1
"1748","Namsen",8,7,1
"1749","Nandu",102,94,8
"1750","Nanliujiang",85,82,3
"1751","Nansen.sui",20,19,1
"1752","Nanticoke",46,46,NA
"1753","Nantucket.Island",37,37,NA
"1754","Napa",26,13,13
"1755","Naposta.Chico",4,4,NA
"1756","Naposta.Grande",10,9,1
"1757","Naracoorte.creek",3,2,1
"1758","Narcea",14,9,5
"1759","Narira.creek",19,19,NA
"1760","Nariva",38,38,NA
"1761","Narmada",99,96,3
"1762","Narrabeen.lakes",14,12,2
"1763","Nass",30,29,1
"1764","Nassau",63,59,4
"1765","Nasva",10,10,NA
"1766","Natanebi",22,21,1
"1767","Natashquan",23,23,NA
"1768","Natori",3,2,1
"1769","Natron",8,8,NA
"1770","Natsui",1,1,NA
"1771","Natuna.Besar",19,19,NA
"1772","Nautla",24,24,NA
"1773","Nay.Aru",30,28,2
"1774","Nayba",12,12,NA
"1775","Nazas",35,24,11
"1776","Ndian",66,66,NA
"1777","Neches",117,109,8
"1778","Negro.Argentina",28,22,6
"1779","Negro.Nicaragua",15,15,NA
"1780","Negro.Uruguay",136,134,2
"1781","Nehalem",18,18,NA
"1782","Nehoue",4,2,2
"1783","Neka",33,25,8
"1784","Nelson",118,100,18
"1785","Nene",33,25,8
"1786","Nenu",4,4,NA
"1787","Nerang",7,6,1
"1788","Neretva",19,16,3
"1789","Nero",25,25,NA
"1790","Ness",12,11,1
"1791","Nestos",41,32,9
"1792","Neto",16,7,9
"1793","Neuse",113,95,18
"1794","Neva",48,46,2
"1795","Neveri",18,18,NA
"1796","New.Aus",2,2,NA
"1797","New.Belize",30,30,NA
"1798","New.Caledonia.un",12,10,2
"1799","New.River",17,16,1
"1800","Newcastle.Waters",8,8,NA
"1801","Neyyar",39,37,2
"1802","Ngakawau",5,5,NA
"1803","Ngakoroa",16,10,6
"1804","Ngaruroro",22,16,6
"1805","Nhundiaquara",41,41,NA
"1806","Nicholson.Leichhardt",64,63,1
"1807","Nickerie",124,123,1
"1808","Niemen",58,48,10
"1809","Niger",395,395,NA
"1810","Niida",2,2,NA
"1811","Nikshahr",10,9,1
"1812","Nile",179,178,1
"1813","Nilwala.Ganga",55,53,2
"1814","Nipah",3,3,NA
"1815","Nishibetsu",3,2,1
"1816","Nisqually",36,30,6
"1817","Nissan",19,17,2
"1818","Nith",22,16,6
"1819","Niyangolle.Ela",30,28,2
"1820","Noce",13,4,9
"1821","None.Given",1,1,NA
"1822","Nongmyong.soryuji",18,18,NA
"1823","Norga.Nina",3,3,NA
"1824","Normanby",47,47,NA
"1825","Norrstrom",30,28,2
"1826","North.Stann",20,20,NA
"1827","North.West.Bay",11,10,1
"1828","Northern",13,13,NA
"1829","Noun",6,5,1
"1830","Nouvelle",6,5,1
"1831","Nova",11,11,NA
"1832","Novo",64,62,2
"1833","Ntem",179,179,NA
"1834","Nueces",81,68,13
"1835","Nuhaka",9,9,NA
"1836","Nuku.Hiva1",8,8,NA
"1837","Nuku.Hiva2",8,8,NA
"1838","Nun1",3,3,NA
"1839","Nushagak",30,30,NA
"1840","Nuta",13,13,NA
"1841","Nyanga",49,49,NA
"1842","Nyong",139,139,NA
"1843","Ob",61,47,14
"1844","Obongje",42,40,2
"1845","Obryvisty",2,2,NA
"1846","Ochepukha",4,4,NA
"1847","Ochlockonee",86,80,6
"1848","Oconnor.creek",10,9,1
"1849","Odet",11,10,1
"1850","Odra",65,52,13
"1851","Oehwang.gang",14,13,1
"1852","Ogandi",6,6,NA
"1853","Ogeechee",80,76,4
"1854","Ogooue",263,261,2
"1855","Ogun",130,130,NA
"1856","Ohau",15,14,1
"1857","Ohinetamatea",15,14,1
"1858","Ohota",19,19,NA
"1859","Oirase",7,6,1
"1860","Oiratiti",10,8,2
"1861","Oita",5,5,NA
"1862","Okari",14,13,1
"1863","Okavango",117,111,6
"1864","Okchon",20,19,1
"1865","Okku.josuji",36,34,2
"1866","Okkye.josuji",26,25,1
"1867","Oktong.josuji",28,26,2
"1868","Okuru",5,4,1
"1869","Old",6,6,NA
"1870","Oldfield",6,5,1
"1871","Olenek",34,34,NA
"1872","Olifants",21,11,10
"1873","Ologe.Lagoon",9,9,NA
"1874","Olyuje",38,36,2
"1875","Omanawa",16,12,4
"1876","Ombrone",25,8,17
"1877","Omono",10,9,1
"1878","Ona",120,120,NA
"1879","Onega",33,33,NA
"1880","Ong",48,46,2
"1881","Onkaparinga",15,15,NA
"1882","Ono",3,3,NA
"1883","Oohata",3,3,NA
"1884","Ooi",4,4,NA
"1885","Oomizo",9,9,NA
"1886","Oota.Hiroshima",6,6,NA
"1887","Ooyodo",25,22,3
"1888","Opihi",17,14,3
"1889","Orange",23,18,5
"1890","Orari",13,12,1
"1891","Orb",40,28,12
"1892","Orcas.Island",9,9,NA
"1893","Ord",67,67,NA
"1894","Oreke",9,9,NA
"1895","Oreti",16,14,2
"1896","Orinoco",1126,1125,1
"1897","Orinomme",3,3,NA
"1898","Orkla",8,7,1
"1899","Orne",30,23,7
"1900","Oropouche.north",20,20,NA
"1901","Oropouche.south",22,22,NA
"1902","Ortoire",15,15,NA
"1903","Oruaiti",9,9,NA
"1904","Oruawharo",10,7,3
"1905","Osato",3,3,NA
"1906","Osip",34,33,1
"1907","Oso.creek",7,7,NA
"1908","Osse",91,91,NA
"1909","Ostrovnaya",3,3,NA
"1910","Osun",103,103,NA
"1911","Otaio",5,5,NA
"1912","Otaki",11,10,1
"1913","Otsu",1,1,NA
"1914","Ouameni",15,11,4
"1915","Oued.Abdallah",1,1,NA
"1916","Oued.Kiss",1,1,NA
"1917","Oued.Seybouse",7,5,2
"1918","Oueme",131,131,NA
"1919","Oulujoki",30,29,1
"1920","Oum.er.Rbia",14,11,3
"1921","Ouse",46,33,13
"1922","Owahanga",7,7,NA
"1923","Owaka",9,8,1
"1924","Owens",24,3,21
"1925","Oyabe",7,7,NA
"1926","Oyapock",264,264,NA
"1927","Oymapinar",35,32,3
"1928","Ozernaja.Kam",15,15,NA
"1929","Ozernaja.Taimyr",1,1,NA
"1930","Ozero.Rak.Yarv",3,3,NA
"1931","Paadremaa",12,12,NA
"1932","Pada",8,8,NA
"1933","Padas",49,49,NA
"1934","Padreco",16,15,1
"1935","Padrigiano",6,3,3
"1936","Paebong.ni",24,23,1
"1937","Paekho.josuji",29,27,2
"1938","Pagatban.Negros",53,48,5
"1939","Pahang",213,209,4
"1940","Pahaoa",8,7,1
"1941","Pahna",6,6,NA
"1942","Pajaro",19,19,NA
"1943","Pak.Phanang",85,82,3
"1944","Paladi.Aru",30,28,2
"1945","Palampotta.Ara",30,28,2
"1946","Paliastomi",35,34,1
"1947","Palinup",8,7,1
"1948","Palizada",40,40,NA
"1949","Paljavaam",18,18,NA
"1950","Palo.Blanco.creek",8,8,NA
"1951","Pamba",57,54,3
"1952","Pambula",8,8,NA
"1953","Pamissos",12,7,5
"1954","Pampana",114,113,1
"1955","Pan.Oya",30,28,2
"1956","Pangani",40,39,1
"1957","Paniai",18,18,NA
"1958","Pankulam.Aru",33,31,2
"1959","Pannela.Oya",30,28,2
"1960","Panuco",125,112,13
"1961","Paope",3,3,NA
"1962","Papagayo",46,43,3
"1963","Papaka",6,6,NA
"1964","Papaloapan",120,114,6
"1965","Paraguacu",109,107,2
"1966","Paraiba",18,15,3
"1967","Paraiba.2",18,18,NA
"1968","Paraiba.do.Sul",301,270,31
"1969","Parana",1044,1024,20
"1970","Parangi.Aru",30,28,2
"1971","Parawai",13,12,1
"1972","Pareora",9,7,2
"1973","Paria1",20,20,NA
"1974","Paringa",12,10,2
"1975","Parismina",33,31,2
"1976","Parnaiba",115,113,2
"1977","Parnu",30,28,2
"1978","Parramatta",57,53,4
"1979","Parry.Inlet",4,4,NA
"1980","Parseta",22,20,2
"1981","Pascagoula",127,127,NA
"1982","Pascoe",17,17,NA
"1983","Pasig",28,13,15
"1984","Passaic",40,40,NA
"1985","Pasvik",19,13,6
"1986","Patalganga.Bhogawati",52,45,7
"1987","Paterson",21,19,2
"1988","Pathanthe.Aru",31,29,2
"1989","Patia",82,77,5
"1990","Patriarch",14,14,NA
"1991","Pattani",70,69,1
"1992","Patuca",36,36,NA
"1993","Patuxent",52,52,NA
"1994","Paya",8,8,NA
"1995","Peace",50,46,4
"1996","Pearl",149,144,5
"1997","Peawah",1,1,NA
"1998","Peconic",17,15,2
"1999","Pedregal",9,9,NA
"2000","Peedee",132,105,27
"2001","Peipsi.Pskov",43,40,3
"2002","Pelorus",16,14,2
"2003","Penang.Ara",14,12,2
"2004","Penang.Bahang",9,8,1
"2005","Penang.Batu.Maung",7,7,NA
"2006","Penang.Bayan.Lepas",12,10,2
"2007","Penang.Burung",15,14,1
"2008","Penang.Kuala.Jalan.Baharu",5,5,NA
"2009","Penang.Masdij",7,6,1
"2010","Penang.Nibung",6,5,1
"2011","Penang.Pinang",2,2,NA
"2012","Penboscot",51,43,8
"2013","Penguin.creek",3,2,1
"2014","Penjina",24,24,NA
"2015","Pennar",84,81,3
"2016","Per.Aru",30,28,2
"2017","Perak",187,178,9
"2018","Perdido",83,83,NA
"2019","Pereque.Acu",13,13,NA
"2020","Periyar",67,62,5
"2021","Perlis",27,26,1
"2022","Pernatoye",7,7,NA
"2023","Pero.Seco",10,10,NA
"2024","Peruipe",29,29,NA
"2025","Perula",57,57,NA
"2026","Pestchanka",7,7,NA
"2027","Petchora",35,34,1
"2028","Petit.Mecatina",19,19,NA
"2029","Petit.Pabos",11,10,1
"2030","Petitcodiac",25,22,3
"2031","Petite.Cascapedia",5,5,NA
"2032","Petrohue",11,11,NA
"2033","Petronila.creek",14,14,NA
"2034","Pha",32,32,NA
"2035","Phattalung",27,26,1
"2036","Phetchaburi",17,16,1
"2037","Phillips",5,5,NA
"2038","Phong.Nha",52,51,1
"2039","Phuket",9,9,NA
"2040","Piako",17,11,6
"2041","Piasina",27,27,NA
"2042","Piave",29,22,7
"2043","Piaxlta",9,9,NA
"2044","Picaro",6,5,1
"2045","Pichin.Lora",8,6,2
"2046","Pidula",7,7,NA
"2047","Pieman",11,9,2
"2048","Pihla",5,5,NA
"2049","Pijijiapan",12,12,NA
"2050","Pikasvaiam",20,20,NA
"2051","Pilote",10,7,3
"2052","Pimpama",1,1,NA
"2053","Pinan",14,14,NA
"2054","Pine.Valley.Wash",2,2,NA
"2055","Pinios.Pel",12,9,3
"2056","Pinios.The",29,28,1
"2057","Pioneer",18,18,NA
"2058","Pipers",5,4,1
"2059","Piranhas",17,17,NA
"2060","Piraque",9,8,1
"2061","Piraque.Mirim",5,4,1
"2062","Pirita",19,18,1
"2063","Pirris",18,18,NA
"2064","Pium",16,16,NA
"2065","Platano",21,21,NA
"2066","Playford",7,7,NA
"2067","Playon.Chico",18,18,NA
"2068","Pleasant",6,6,NA
"2069","Plumbago",14,13,1
"2070","Plumtree.creek",2,2,NA
"2071","Po",67,43,24
"2072","Pocomoke",34,34,NA
"2073","Podoshevka",2,2,NA
"2074","Podragu",3,3,NA
"2075","Poduste.Jogi",8,8,NA
"2076","Poerua",10,9,1
"2077","Pogari",3,3,NA
"2078","Poison",2,2,NA
"2079","Pokopoko",13,11,2
"2080","Pol.e.Rud",21,17,4
"2081","Polochic",76,76,NA
"2082","Polonskogo.un",2,2,NA
"2083","Polwatta.Ganga",34,32,2
"2084","Ponghwa.ri",10,9,1
"2085","Pongnam.dong",9,8,1
"2086","Pongola",71,68,3
"2087","Ponoi",18,18,NA
"2088","Pontian.Besar",27,27,NA
"2089","Popondetta",6,6,NA
"2090","Poronai",31,30,1
"2091","Port.Campbell.creek",4,3,1
"2092","Port.Daniel",7,7,NA
"2093","Potenza",14,11,3
"2094","Potomac",119,79,40
"2095","Pouembout",11,9,2
"2096","Pouso",4,4,NA
"2097","Povungnituk",7,7,NA
"2098","Powlett",6,5,1
"2099","Pra",89,89,NA
"2100","Prafi",3,2,1
"2101","Pranburi",10,9,1
"2102","Prassi",4,4,NA
"2103","Presidio",47,47,NA
"2104","Prespa",28,16,12
"2105","Presumpscot",32,32,NA
"2106","Priivitsa",9,9,NA
"2107","Primera.Estancia",16,16,NA
"2108","Prince.Regent",22,22,NA
"2109","Prinzapolka",34,34,NA
"2110","Progresso",16,16,NA
"2111","Proserpine",5,5,NA
"2112","Prosser",11,9,2
"2113","Prozrachnyi",4,4,NA
"2114","Prunelli",22,8,14
"2115","Pual",16,16,NA
"2116","Puchanquin",4,4,NA
"2117","Pudisoo",13,13,NA
"2118","Puelo",19,16,3
"2119","Puerua",12,10,2
"2120","Pugu.chon",15,14,1
"2121","Puhung.josuji",30,28,2
"2122","Puk",31,30,1
"2123","Pulakutti.Aru",30,28,2
"2124","Pulau.Bintan.Island",152,152,NA
"2125","Pulau.Langkawi.Island",32,29,3
"2126","Pulau.Tioman.Island",48,48,NA
"2127","Pulgap.chon",39,37,2
"2128","Pulliyanpota.Aru",30,28,2
"2129","Pulsa",3,3,NA
"2130","Punapea",6,6,NA
"2131","Pung.ho",27,26,1
"2132","Pungwe",40,40,NA
"2133","Punta.Del.Arenal",44,44,NA
"2134","Purari",47,47,NA
"2135","Purificacion",45,43,2
"2136","Purste",8,8,NA
"2137","Puski",3,3,NA
"2138","Puyallup",29,29,NA
"2139","Pyoktong",28,27,1
"2140","Pyonggok.chi",15,14,1
"2141","Pyongmun.chon",9,9,NA
"2142","Pyongsa.dong",6,6,NA
"2143","Pyongsan.po",21,20,1
"2144","Qaidam",15,15,NA
"2145","Qiantang",233,227,6
"2146","Qinghai",6,6,NA
"2147","Qinjiang",48,48,NA
"2148","Qishon",12,10,2
"2149","Qitai",4,4,NA
"2150","Quang.Tri",57,56,1
"2151","Qued.Kebir",2,2,NA
"2152","Quequen.Grande",11,11,NA
"2153","Quequen.Salado",9,9,NA
"2154","Quinebaug",39,39,NA
"2155","Quinn",18,6,12
"2156","Quinto",18,14,4
"2157","Rae",14,14,NA
"2158","Raglan.creek",8,8,NA
"2159","Raiatea",11,10,1
"2160","Rainu",7,7,NA
"2161","Rajang",151,149,2
"2162","Rakaia",24,18,6
"2163","Ramu",175,171,4
"2164","Rance",19,18,1
"2165","Rancheria",91,90,1
"2166","Rangitaiki",22,18,4
"2167","Rangitata",21,15,6
"2168","Rangitikei",24,16,8
"2169","Rangitopuni",19,11,8
"2170","Rannakula",10,10,NA
"2171","Rannametsa",11,11,NA
"2172","Raoutchoua",20,20,NA
"2173","Rapel",14,9,5
"2174","Rappahannock",90,71,19
"2175","Raritan",41,41,NA
"2176","Rasshua.un",1,1,NA
"2177","Ratgama.lake",30,28,2
"2178","Rathambala.Oya",30,28,2
"2179","Ratmal.Oya",32,30,2
"2180","Raugi.s",3,3,NA
"2181","Raukokore",7,7,NA
"2182","Rauma",8,7,1
"2183","Rayong",12,11,1
"2184","Rayu",25,25,NA
"2185","Red",187,155,32
"2186","Red.creek",1,1,NA
"2187","Reedy.lake",7,6,1
"2188","Reis.Magos",27,25,2
"2189","Rekawa.Oya",30,28,2
"2190","Restigouche",30,29,1
"2191","Reynolds",18,18,NA
"2192","Rheris",2,1,1
"2193","Rhine",72,45,27
"2194","Rhone",69,46,23
"2195","Rianila",10,6,4
"2196","Ribble",29,22,7
"2197","Ribe.aa",33,29,4
"2198","Ribeira.do.Iguape",162,158,4
"2199","Ribera.da.Imbacuaba",31,30,1
"2200","Ribi",4,4,NA
"2201","Ribra",19,19,NA
"2202","Richmond",67,66,1
"2203","Riddoch.Bay",4,4,NA
"2204","Riguldi",8,8,NA
"2205","Rihios",17,15,2
"2206","Rikorda",4,4,NA
"2207","Riksu.Oja",6,6,NA
"2208","Rincon",23,23,NA
"2209","Ringarooma",14,12,2
"2210","Rio.Consul",5,5,NA
"2211","Rio.Cuanza",106,106,NA
"2212","Rio.Cunene",91,90,1
"2213","Rio.D.Una",29,29,NA
"2214","Rio.Ecuco",35,35,NA
"2215","Rio.Iladyi",1,1,NA
"2216","Rio.Larde",40,40,NA
"2217","Rio.Lopese",8,8,NA
"2218","Rio.Mbridge",61,61,NA
"2219","Rio.Melela",16,16,NA
"2220","Rio.Mirupururu",10,10,NA
"2221","Rio.Moebase",39,39,NA
"2222","Rio.Molocue",31,31,NA
"2223","Rio.Ruma",9,9,NA
"2224","Rio.Tiburones",11,11,NA
"2225","Rio.Timbabe",9,9,NA
"2226","Rio.Ue",11,11,NA
"2227","Rio.de.Cana",12,12,NA
"2228","Rio.de.Nizuc",19,19,NA
"2229","Rio.de.la.Matanza",11,11,NA
"2230","Rio.dos.Correias",15,15,NA
"2231","Rioni",33,32,1
"2232","Risti",6,6,NA
"2233","Riva",51,47,4
"2234","River.Charlotte",13,13,NA
"2235","River.Forth",15,13,2
"2236","River.Leven",12,10,2
"2237","River.Torrens",15,12,3
"2238","Riviere.a.la.Baleine",14,14,NA
"2239","Riviere.de.Cayenne",116,116,NA
"2240","Riviere.de.Kaw",85,85,NA
"2241","Riviere.des.Coulisses",12,7,5
"2242","Riviere.des.Galets",5,5,NA
"2243","Riviere.des.Pluies",7,6,1
"2244","Riviere.des.Remparts",7,6,1
"2245","Riviere.du.Carbet",9,9,NA
"2246","Riviere.du.Mat",13,10,3
"2247","Roanoke",140,106,34
"2248","Robe",8,8,NA
"2249","Robinson",10,10,NA
"2250","Roe",8,8,NA
"2251","Rogaceva",3,3,NA
"2252","Rogue",24,24,NA
"2253","Rokel",90,89,1
"2254","Rokkaku.Saga",4,4,NA
"2255","Rolfsan",11,10,1
"2256","Rollingstone.creek",6,6,NA
"2257","Rooi",7,6,1
"2258","Roper",55,55,NA
"2259","Rosario",19,19,NA
"2260","Rose",3,3,NA
"2261","Rosie.creek",6,6,NA
"2262","Ross",16,15,1
"2263","Ross.creek",28,28,NA
"2264","Round.lake",1,1,NA
"2265","Rowallan.Burn",4,3,1
"2266","Roya",8,6,2
"2267","Ruaha",94,94,NA
"2268","Ruamahanga",28,22,6
"2269","Rubicon",18,15,3
"2270","Rufus.kulam.Aru",30,28,2
"2271","Ruianjiang",65,62,3
"2272","Ruoshui",9,9,NA
"2273","Rupert",24,24,NA
"2274","Rurutu",6,6,NA
"2275","Russian",46,28,18
"2276","Ruvu.River",24,24,NA
"2277","Ruvuma",47,47,NA
"2278","Saastna",3,3,NA
"2279","Saba",10,10,NA
"2280","Sabine",131,121,10
"2281","Saccione",6,6,NA
"2282","Sachon.Nae",28,27,1
"2283","Saco",31,31,NA
"2284","Sacramento",75,36,39
"2285","Sado",28,21,7
"2286","Sadong",18,17,1
"2287","Saektal.chon",9,8,1
"2288","Saem.mal",23,22,1
"2289","Sagami",19,12,7
"2290","Saguenay",15,15,NA
"2291","Saint.Etienne",12,8,4
"2292","Saint.Jean.Qc",8,7,1
"2293","Saint.Jean.USA",48,41,7
"2294","Saint.John",77,77,NA
"2295","Saint.Johns",109,83,26
"2296","Saint.Laurent",207,167,40
"2297","Saint.Marks",59,59,NA
"2298","Saint.Mary.s",65,64,1
"2299","Saint.Paul",99,99,NA
"2300","Sainte.Anne",9,8,1
"2301","Sainte.Croix",46,42,4
"2302","Saju.chon",23,22,1
"2303","Sakarya",52,48,4
"2304","Sakinaw",9,9,NA
"2305","Salaca",4,4,NA
"2306","Salado",55,53,2
"2307","Salang",4,4,NA
"2308","Salina.Agua.Perra",2,2,NA
"2309","Salina.Grandes",38,37,1
"2310","Salina.de.Guayatayoc",3,1,2
"2311","Salina.de.Olaroz",1,1,NA
"2312","Salina.de.Pozuelos",1,1,NA
"2313","Salina.de.Uyuni",2,2,NA
"2314","Salina.del.Bebedero",4,3,1
"2315","Salinas",28,19,9
"2316","Saloum",42,42,NA
"2317","Salt.creek",4,4,NA
"2318","Saltelva",8,7,1
"2319","Salween",291,289,2
"2320","Samarga",20,20,NA
"2321","Sambas",36,36,NA
"2322","Samborombon",13,12,1
"2323","Sambu",35,35,NA
"2324","Sampan.creek",50,50,NA
"2325","Sampo.chon",42,40,2
"2326","San.Antonio",83,67,16
"2327","San.Antonio.creek",8,8,NA
"2328","San.Bernard",20,18,2
"2329","San.Carlos",3,2,1
"2330","San.Diego",42,7,35
"2331","San.Fernando",24,22,2
"2332","San.Gabriel",9,9,NA
"2333","San.Giovanni",5,2,3
"2334","San.Ignacio",5,2,3
"2335","San.Jacinto",59,59,NA
"2336","San.Javier",5,4,1
"2337","San.Joaquin",63,30,34
"2338","San.Jose.del.Cabo",18,16,2
"2339","San.Juan.Colombia",84,84,NA
"2340","San.Juan.Island",9,9,NA
"2341","San.Juan.Nicaragua",102,98,6
"2342","San.Juan.Venezuela",155,155,NA
"2343","San.Leonardo",9,7,2
"2344","San.Lorenzo",11,11,NA
"2345","San.Luis.Obispo",19,8,11
"2346","San.Luis.Rey",21,6,15
"2347","San.Martin",2,2,NA
"2348","San.Mateo.creek",7,7,NA
"2349","San.Nicolas",14,14,NA
"2350","San.Pedro.Ivory.Coast",47,47,NA
"2351","San.Pedro.Mexico",6,4,2
"2352","San.Pedro.Mezquital",48,48,NA
"2353","San.Pedro.Panama",26,26,NA
"2354","Sanaga",225,224,1
"2355","Sandon",18,18,NA
"2356","Sandy.creek",20,20,NA
"2357","Sandy.creek.1",2,2,NA
"2358","Sandy.creek.2",6,6,NA
"2359","Sangam.dong",21,20,1
"2360","Sangdo.josuji",38,36,2
"2361","Santa.Ana",36,8,28
"2362","Santa.Clara",33,10,23
"2363","Santa.Cruz",11,8,3
"2364","Santa.Inez",24,9,15
"2365","Santa.Lucia",60,59,1
"2366","Santa.Margarita",22,8,14
"2367","Santa.Maria",5,5,NA
"2368","Santa.Maria.Brazil",25,24,1
"2369","Santa.Maria.Cal",18,11,7
"2370","Santa.Maria.Pan",102,102,NA
"2371","Santee",143,112,31
"2372","Santiago",38,38,NA
"2373","Santo",29,29,NA
"2374","Santo.Antonio",6,6,NA
"2375","Santo.Antonio.Grande",4,4,NA
"2376","Sanyang.ni",18,17,1
"2377","Sao.Francisco",307,286,21
"2378","Sao.Joao",94,93,1
"2379","Sao.Mateus",70,66,4
"2380","Sapgyocheon",79,76,3
"2381","Saramacca",140,140,NA
"2382","Sarandi",10,10,NA
"2383","Sarapiku",3,3,NA
"2384","Sarawak",86,77,9
"2385","Sarbad",40,32,8
"2386","Sarbaz",12,9,3
"2387","Saru",6,6,NA
"2388","Sassandra",90,88,2
"2389","Satilla",61,60,1
"2390","Sauce.Grande",12,12,NA
"2391","Sauga",3,3,NA
"2392","Savannah",149,124,25
"2393","Savaran",14,13,1
"2394","Save",43,42,1
"2395","Savina",3,3,NA
"2396","Savitri",63,53,10
"2397","Savory",1,1,NA
"2398","Savushkina",4,4,NA
"2399","Sawarangan",12,12,NA
"2400","Saymena.Aar",30,28,2
"2401","Scamander",11,10,1
"2402","Schelde",42,32,10
"2403","Scott",7,6,1
"2404","Scrubby.creek",3,3,NA
"2405","Sea.Elephant",2,2,NA
"2406","Seaforth",5,4,1
"2407","Searle",14,13,1
"2408","Sebaou",5,5,NA
"2409","Sebkha.Aoueital",1,1,NA
"2410","Sebkhet.Safioune",1,1,NA
"2411","Sebkhet.Te.n.Dghamcha",3,3,NA
"2412","Sebou",14,9,5
"2413","Sediah",9,8,1
"2414","Sedili",49,49,NA
"2415","Sedong.josuji",15,14,1
"2416","Sefid",70,58,12
"2417","Segama",65,64,1
"2418","Segura",28,17,11
"2419","Sehnkwehn.River",27,27,NA
"2420","Seine",53,33,20
"2421","Seito.ri",38,36,2
"2422","Sela.Steingrimsfirdi",3,3,NA
"2423","Sela.Vopnafirdi",3,3,NA
"2424","Seletar",31,29,2
"2425","Selja",18,17,1
"2426","Semberong",35,35,NA
"2427","Sendai.Aomori",2,2,NA
"2428","Sendai.Kagoshima",13,12,1
"2429","Sendai.Tottori",15,15,NA
"2430","Senegal",203,203,NA
"2431","Senora.Siquijor",3,3,NA
"2432","Sentani",21,18,3
"2433","Sepik",109,101,8
"2434","Serebryannoye",7,7,NA
"2435","Sermowai",9,9,NA
"2436","Serra.Espirito.Santo",29,27,2
"2437","Serra.Negra",13,13,NA
"2438","Sesayap",37,37,NA
"2439","Setekwa",32,32,NA
"2440","Settlement.creek",30,30,NA
"2441","Sevan",7,3,4
"2442","Severn.Can",36,36,NA
"2443","Severn.UK",47,26,21
"2444","Sevre.Niortaise",31,20,11
"2445","Seyhan",35,33,2
"2446","Shag",17,15,2
"2447","Shannon.Aus",16,15,1
"2448","Shannon.Ire",19,10,9
"2449","Shark",6,6,NA
"2450","Shatt.al.Arab",108,92,16
"2451","Sheepwash.creek",7,6,1
"2452","Shelekhova",4,4,NA
"2453","Sherlock",10,10,NA
"2454","Shi.He",11,9,2
"2455","Shiloango",110,109,1
"2456","Shimada",9,9,NA
"2457","Shimano",10,9,1
"2458","Shimanto",19,19,NA
"2459","Shimokita",9,9,NA
"2460","Shin",9,8,1
"2461","Shinano",22,16,6
"2462","Shinden.ri",21,20,1
"2463","Shiribetsu",8,8,NA
"2464","Shiriya",32,31,1
"2465","Shiyang",7,7,NA
"2466","Shoalhaven",44,38,6
"2467","Shoalwater.creek",4,4,NA
"2468","Shor",4,4,NA
"2469","Shottegat",9,7,2
"2470","Shule",8,8,NA
"2471","Siagne",15,9,6
"2472","Siak",52,51,1
"2473","Siantan",3,3,NA
"2474","Siaton.Negros",34,29,5
"2475","Sibede.Creek",8,8,NA
"2476","Sibun",39,39,NA
"2477","Sico",43,43,NA
"2478","Sierpe",83,83,NA
"2479","Sigi.River",6,6,NA
"2480","Sillim.josuji",30,28,2
"2481","Simeto",18,11,7
"2482","Simojoki",29,29,NA
"2483","Sinaloa",20,20,NA
"2484","Sinch.al",14,13,1
"2485","Sinchol.li",6,6,NA
"2486","Sinchon.josuji",23,22,1
"2487","Sinimodera.Oya",30,28,2
"2488","Sinnamary",219,219,NA
"2489","Sinni",17,5,12
"2490","Sinos",115,111,4
"2491","Sinpyong.chon",43,41,2
"2492","Sinri.Sen",25,24,1
"2493","Sinu",111,111,NA
"2494","Sirjan",5,4,1
"2495","Sistan",28,19,9
"2496","Sittee",6,6,NA
"2497","Siuslaw",22,22,NA
"2498","Sixaola",36,36,NA
"2499","Skagit",35,35,NA
"2500","Skeena",43,42,1
"2501","Skeleton.creek",6,4,2
"2502","Skjern.aa",34,29,5
"2503","Skokomish",23,23,NA
"2504","Slavnaya",6,6,NA
"2505","Sleeper.Log.creek",4,4,NA
"2506","Slupia",23,20,3
"2507","Smith",19,19,NA
"2508","Snohomish",29,29,NA
"2509","Snowy",32,26,6
"2510","So",154,154,NA
"2511","Sobu.josuji",7,7,NA
"2512","Soca",33,22,11
"2513","Soda.lake",2,2,NA
"2514","Sogumgang",27,26,1
"2515","Sojung.chon",12,11,1
"2516","Solo",1,1,NA
"2517","Somme",38,28,10
"2518","Somsok.chon",27,26,1
"2519","Sonaktong.gang",27,26,1
"2520","Sondagsrivier",66,61,5
"2521","Sondang.mot",7,7,NA
"2522","Song.Hong",235,231,4
"2523","Song.Lam",64,63,1
"2524","Song.Ma",150,149,1
"2525","Song.chon",11,10,1
"2526","Songam.josuji",25,24,1
"2527","Songdong.ni",9,8,1
"2528","Songji.ri",9,8,1
"2529","Sonora",13,12,1
"2530","Sonoyta",5,4,1
"2531","Sonso.ri",12,11,1
"2532","Soonda.Oja",3,3,NA
"2533","Sopochnoye",8,8,NA
"2534","Sopotchnaia",15,15,NA
"2535","Soppan.nae",9,8,1
"2536","Sorell",6,5,1
"2537","Soreq",10,10,NA
"2538","Soru",3,3,NA
"2539","Sosangni.po",20,19,1
"2540","Soto.la.Marina",88,84,4
"2541","Soumba",22,22,NA
"2542","Soummam",4,4,NA
"2543","Sous",4,3,1
"2544","South.Alligator",55,55,NA
"2545","South.Johnstone",34,31,3
"2546","South.Stann",7,7,NA
"2547","Sperchios",17,16,1
"2548","Spey",13,11,2
"2549","Splinter.creek",10,9,1
"2550","Spring.creek",23,23,NA
"2551","Sredney",4,4,NA
"2552","Ssaryeom",20,19,1
"2553","Stadara.Steingrimsfirdi",3,3,NA
"2554","Station.creek",4,4,NA
"2555","Stewart.1",11,11,NA
"2556","Stewart.2",1,1,NA
"2557","Stikine",29,28,1
"2558","Stillaguamish",30,25,5
"2559","Stoney",6,5,1
"2560","Stony.creek",10,10,NA
"2561","Stour",34,26,8
"2562","Strymon",59,48,11
"2563","Sturt",3,2,1
"2564","Styx",4,4,NA
"2565","Subarnarekha",92,90,2
"2566","Suchiate",6,6,NA
"2567","Suifen",44,42,2
"2568","Sulphur.Springs.valley",2,2,NA
"2569","Sumjin",98,95,3
"2570","Sungai.Aiduna",17,17,NA
"2571","Sungai.Aikwa",126,123,3
"2572","Sungai.Batu.Asah",4,4,NA
"2573","Sungai.Bedidi",16,16,NA
"2574","Sungai.Biri",7,7,NA
"2575","Sungai.Davur",13,11,2
"2576","Sungai.Gurun",25,23,2
"2577","Sungai.Kamora",76,76,NA
"2578","Sungai.Kamundan",11,11,NA
"2579","Sungai.Kisap",7,7,NA
"2580","Sungai.Kubang.Badak",16,16,NA
"2581","Sungai.Kumbe",41,40,1
"2582","Sungai.Limbong",11,11,NA
"2583","Sungai.Merbok",25,24,1
"2584","Sungai.Muturi",17,17,NA
"2585","Sungai.Rittowe",10,10,NA
"2586","Sungai.Sentiung",25,25,NA
"2587","Sungai.Singkir",14,14,NA
"2588","Sungai.Titi.Lubuk.Panjang",11,11,NA
"2589","Sungai.Tok.Puteri",9,9,NA
"2590","Sungai.Tor",7,7,NA
"2591","Sungai.Wiriagar",11,11,NA
"2592","Sungai.Wiru",9,9,NA
"2593","Suo.chon",30,29,1
"2594","Supsa",27,26,1
"2595","Surinam",302,298,4
"2596","Surrey",6,6,NA
"2597","Susan.chon",8,7,1
"2598","Susitna",13,13,NA
"2599","Susquehanna",126,86,40
"2600","Susurluk.Cayi",50,46,4
"2601","Suuremoisa",3,3,NA
"2602","Suurissoo",3,3,NA
"2603","Suwannee",80,77,3
"2604","Suzuka",9,8,1
"2605","Svobodnaya",6,6,NA
"2606","Swakop",3,2,1
"2607","Swan",48,40,8
"2608","Swan.Tasma",11,9,2
"2609","Swartkopsrivier",81,77,4
"2610","Swartrivier",3,3,NA
"2611","Syr.Darya",26,21,5
"2612","Taan",26,26,NA
"2613","Tabasara",9,9,NA
"2614","Tabou",20,20,NA
"2615","Tachia",51,47,4
"2616","Tacina",12,5,7
"2617","Tadu",37,37,NA
"2618","Taedong",52,51,1
"2619","Taegok.che",26,25,1
"2620","Taehwagang",62,58,4
"2621","Taesong.josuji",22,21,1
"2622","Tagliamento",34,28,6
"2623","Tagus",42,30,12
"2624","Tahaa",12,10,2
"2625","Tahakopa",9,8,1
"2626","Tahiti.un.1",12,10,2
"2627","Tahiti.un.2",12,10,2
"2628","Tahiti.un.3",12,10,2
"2629","Taieri",24,19,5
"2630","Taimyr",12,12,NA
"2631","Taipa",10,9,1
"2632","Tairua",13,11,2
"2633","Taiyang.He",26,25,1
"2634","Tajan",32,24,8
"2635","Takahashi.Okayama",7,7,NA
"2636","Takaka",17,14,3
"2637","Takamprimili",10,10,NA
"2638","Takase",4,4,NA
"2639","Takasu",5,4,1
"2640","Takatsu",13,13,NA
"2641","Takiritawai",15,11,4
"2642","Takoandra",5,4,1
"2643","Taku",26,25,1
"2644","Tallebudgera.creek",9,8,1
"2645","Tama",9,8,1
"2646","Tama.Indonesia",3,3,NA
"2647","Tamar",34,28,6
"2648","Tambre",6,6,NA
"2649","Tamiang",21,20,1
"2650","Tamiraparani",53,50,3
"2651","Tamshui",42,42,NA
"2652","Tana",59,53,6
"2653","Tana.lake",29,29,NA
"2654","Tandiadi.Aar",30,28,2
"2655","Tangahoe",13,9,4
"2656","Tanganyika",440,438,2
"2657","Tangdu.ri",44,42,2
"2658","Tangjong.josuji",29,28,1
"2659","Tangmi",27,26,1
"2660","Taninnim",12,12,NA
"2661","Tanjiang",39,38,1
"2662","Tano",87,87,NA
"2663","Tapdong.ni",15,14,1
"2664","Tapi",144,138,6
"2665","Tar",92,81,11
"2666","Tara.creek",4,4,NA
"2667","Tarago",13,12,1
"2668","Taramakau",24,19,5
"2669","Taravo",10,5,5
"2670","Tarcoles",104,103,1
"2671","Tarim",40,18,22
"2672","Tarra",33,33,NA
"2673","Tarrabool.lake",5,5,NA
"2674","Tarwin",13,13,NA
"2675","Tassili",5,3,2
"2676","Tataragawa",1,1,NA
"2677","Tategami.un.1",12,11,1
"2678","Tategami.un.2",8,7,1
"2679","Tatiara.creek",1,1,NA
"2680","Tauro",18,17,1
"2681","Taute",26,22,4
"2682","Tauton",9,9,NA
"2683","Tavignano",16,9,7
"2684","Tay",28,22,6
"2685","Taz",34,34,NA
"2686","Tchad",208,208,NA
"2687","Tchegitun",22,22,NA
"2688","Te.Awa.Kairangi",16,15,1
"2689","Te.Awainanga",10,10,NA
"2690","Tech",20,12,8
"2691","Tecolutla",16,16,NA
"2692","Tees",30,24,6
"2693","Tehuantepec",43,35,8
"2694","Teifi",23,20,3
"2695","Tekek",9,9,NA
"2696","Tellaro",7,5,2
"2697","Telwatta.Ganga",30,28,2
"2698","Temash",16,16,NA
"2699","Temburong.Belalong",39,39,NA
"2700","Tempasuk",24,24,NA
"2701","Tempisque",41,41,NA
"2702","Tengqiao.Dong.He",24,23,1
"2703","Tenjin",9,8,1
"2704","Tenna",9,9,NA
"2705","Tenryu",4,3,1
"2706","Tensift",8,6,2
"2707","Ter",16,9,7
"2708","Terek",61,58,3
"2709","Terengganu",109,107,2
"2710","Terraba",43,43,NA
"2711","Teshio",8,8,NA
"2712","Tet",33,23,10
"2713","Tevere",46,16,30
"2714","Tha.Chin",24,24,NA
"2715","Thames.UK",42,28,14
"2716","Thames.USA",59,44,15
"2717","Thelon",14,14,NA
"2718","Thio",9,9,NA
"2719","Thjorsa",5,5,NA
"2720","Thlewiasa",14,14,NA
"2721","Thomas",4,4,NA
"2722","Thompson",4,4,NA
"2723","Thompson.creek",7,6,1
"2724","Thu.Bon",263,245,18
"2725","Thumpankeni.Tank",30,28,2
"2726","Thurra",6,6,NA
"2727","Tigil",17,15,2
"2728","Tikhaya",9,9,NA
"2729","Tingalpa.creek",4,2,2
"2730","Tirtsi",6,6,NA
"2731","Tiskre",4,4,NA
"2732","Titicaca",41,35,6
"2733","Titiroa",7,6,1
"2734","Tiwaka",20,17,3
"2735","Tiwi",5,5,NA
"2736","Tlachimala",4,4,NA
"2737","Tocantins",609,607,2
"2738","Tocuyo",123,120,3
"2739","Todje",25,25,NA
"2740","Togun",7,7,NA
"2741","Togyang.ni",19,18,1
"2742","Tokachi",5,5,NA
"2743","Tokai",5,4,1
"2744","Tokomairiro",14,12,2
"2745","Tolten",22,19,3
"2746","Tomaga",13,13,NA
"2747","Tomahawk",6,6,NA
"2748","Tompire",8,8,NA
"2749","Tonala",56,55,1
"2750","Tonbetsu",8,8,NA
"2751","Tonda",4,4,NA
"2752","Tone",58,41,17
"2753","Tonekabon",42,36,6
"2754","Tong",28,28,NA
"2755","Tonggimnyong",6,6,NA
"2756","Tongil.li",7,7,NA
"2757","Tonija",5,5,NA
"2758","Tonje.ri",24,23,1
"2759","Tonji",33,31,2
"2760","Tontouta",4,3,1
"2761","Toolse",11,11,NA
"2762","Toomuc.creek",5,5,NA
"2763","Torbay",5,4,1
"2764","Tornealven",31,31,NA
"2765","Touchien",29,29,NA
"2766","Tougur",24,24,NA
"2767","Touloubre",36,22,14
"2768","Touques",19,15,4
"2769","Towamba",17,15,2
"2770","Towns",21,21,NA
"2771","Towon.Josuji",34,33,1
"2772","Tra.Khuc",49,48,1
"2773","Tram",18,18,NA
"2774","Trang",32,31,1
"2775","Transquaking",33,33,NA
"2776","Trat",41,40,1
"2777","Trent.Aus",4,4,NA
"2778","Trent.UK",45,32,13
"2779","Tres.Arroyos",6,6,NA
"2780","Trial.Well",2,1,1
"2781","Trieux",13,12,1
"2782","Trigno",10,7,3
"2783","Triigi.Sadam",4,4,NA
"2784","Trinity",112,101,11
"2785","Trinity.Inlet",20,20,NA
"2786","Truckee",39,9,30
"2787","Truxton.Wash",1,1,NA
"2788","Tsengwen",30,30,NA
"2789","Tsubai",2,2,NA
"2790","Tsurumi",2,2,NA
"2791","Tuam.josuji",13,11,2
"2792","Tubuai",10,10,NA
"2793","Tucacas1",22,21,1
"2794","Tucacas2",22,21,1
"2795","Tucacas3",22,21,1
"2796","Tuchon.chon",20,19,1
"2797","Tugela",54,49,5
"2798","Tuhai.Majia.He",50,49,1
"2799","Tuira",122,121,1
"2800","Tukituki",20,17,3
"2801","Tule.valley",2,2,NA
"2802","Tully.Murray",40,40,NA
"2803","Tulufan",7,7,NA
"2804","Tulum",4,4,NA
"2805","Tumbez",25,24,1
"2806","Tumen",90,89,1
"2807","Tunaicha",4,4,NA
"2808","Tunisia.un.1",2,1,1
"2809","Tunisia.un.2",1,1,NA
"2810","Turakina",13,10,3
"2811","Turama",23,23,NA
"2812","Turanganui",12,10,2
"2813","Turia",16,9,7
"2814","Turkana",73,71,2
"2815","Turner",9,9,NA
"2816","Tuross",26,24,2
"2817","Tutong",42,41,1
"2818","Tuudi",3,3,NA
"2819","Tuxpan",25,25,NA
"2820","Tuy",51,49,2
"2821","Tuz",10,10,NA
"2822","Tweed.Aus",24,23,1
"2823","Tweed.UK",28,17,11
"2824","Tyne",26,21,5
"2825","Ua.Huka1",9,9,NA
"2826","Ua.Huka2",8,8,NA
"2827","Ua.Pou1",5,5,NA
"2828","Ua.Pou2",6,6,NA
"2829","Uaso.Nyiro.River",28,27,1
"2830","Ubatiba",25,24,1
"2831","Uda",20,20,NA
"2832","Udobnaya",3,3,NA
"2833","Uisin.chon",31,30,1
"2834","Ulja",15,15,NA
"2835","Ulla",11,10,1
"2836","Ulua",59,57,2
"2837","Ulungur",18,12,6
"2838","Umbuluzi.River",41,41,NA
"2839","Umealven",28,27,1
"2840","Umpqua",28,28,NA
"2841","Unare",25,25,NA
"2842","Ungdong.man",18,17,1
"2843","Unjon.josuji",31,29,2
"2844","Uppala",23,22,1
"2845","Ural",50,49,1
"2846","Urama",33,32,1
"2847","Uramura.un",10,10,NA
"2848","Uranchab",6,6,NA
"2849","Urbina",13,13,NA
"2850","Urubokka.Oya",33,31,2
"2851","Uruguay",422,416,6
"2852","Usoriyama.ko",1,1,NA
"2853","Usumacinta",139,133,6
"2854","Vaana",15,15,NA
"2855","Vado.Ancho",12,12,NA
"2856","Vailala",9,9,NA
"2857","Vainupea",9,9,NA
"2858","Vaiste.Laht",9,9,NA
"2859","Vaivara",1,1,NA
"2860","Valapattanam",64,62,2
"2861","Valcheta",5,4,1
"2862","Valdivia",17,12,5
"2863","Valgejogi",19,19,NA
"2864","Valkla",11,11,NA
"2865","Valle",8,8,NA
"2866","Valle.de.Mexico",10,9,1
"2867","Vamanapuram",25,25,NA
"2868","Van",11,10,1
"2869","Vanajogi",5,5,NA
"2870","Var",24,17,7
"2871","Vargas.creek",10,10,NA
"2872","Vasalemma",17,17,NA
"2873","Vashon.Island",23,23,NA
"2874","Vasiku",6,6,NA
"2875","Vasse",9,7,2
"2876","Vatnsdalsa",4,4,NA
"2877","Ve",45,44,1
"2878","Vefsna",8,7,1
"2879","Vega",10,10,NA
"2880","Veleka",15,15,NA
"2881","Vem",22,22,NA
"2882","Ventura",7,7,NA
"2883","Verde",28,20,8
"2884","Verlorenvlei",8,5,3
"2885","Vesturdalsa",3,3,NA
"2886","Vett.Aru",30,28,2
"2887","Victoria",56,56,NA
"2888","Victoria.lake",290,284,7
"2889","Vidaa",33,29,4
"2890","Vididalsa.Fitja",3,3,NA
"2891","Vignola",4,3,1
"2892","Vihterpalu",12,12,NA
"2893","Vilaine",42,27,15
"2894","Vinh.Tanh",42,42,NA
"2895","Vire",20,18,2
"2896","Viskan",19,18,1
"2897","Vistre",27,15,12
"2898","Volga",96,69,27
"2899","Volta",203,203,NA
"2900","Volturno",12,7,5
"2901","Vonnu",3,3,NA
"2902","Voronia",16,16,NA
"2903","Vosu",11,11,NA
"2904","Vouga",31,23,8
"2905","Vung.Bau",9,9,NA
"2906","Vyvenka",19,18,1
"2907","Waanje",80,80,NA
"2908","Waccasassa",60,60,NA
"2909","Wadi.Abadilah",1,1,NA
"2910","Wadi.Al.Ramthah",1,1,NA
"2911","Wadi.Bowa",1,1,NA
"2912","Wadi.Dhahr",1,1,NA
"2913","Wadi.Fayah",2,2,NA
"2914","Wadi.Fayd",3,3,NA
"2915","Wadi.Hadramaut",6,6,NA
"2916","Wadi.Halfain",2,2,NA
"2917","Wadi.Ham",2,2,NA
"2918","Wadi.Hatta",5,4,1
"2919","Wadi.Hiluw",1,1,NA
"2920","Wadi.Jizzi",1,1,NA
"2921","Wadi.Khulais",1,1,NA
"2922","Wadi.Madha",2,2,NA
"2923","Wadi.Maur",3,3,NA
"2924","Wadi.Muqayleet",1,1,NA
"2925","Wadi.Nashu",3,NA,3
"2926","Wadi.Qwar",2,2,NA
"2927","Wadi.Rabigh",1,1,NA
"2928","Wadi.SA1",2,2,NA
"2929","Wadi.SA2",1,1,NA
"2930","Wadi.Safad",1,1,NA
"2931","Wadi.Sharm",2,2,NA
"2932","Wadi.Shawkah",2,2,NA
"2933","Wadi.Wurayyah",1,1,NA
"2934","Wadi.Zikt",1,1,NA
"2935","Wadi.ad.Dawasir",3,3,NA
"2936","Wadi.al.Bahr",2,2,NA
"2937","Wadi.al.Hamd",3,3,NA
"2938","Wadi.al.Qabaili",3,3,NA
"2939","Wai Bian",40,39,1
"2940","Waianakarua",15,14,1
"2941","Waiapu",10,9,1
"2942","Waiatoto",10,9,1
"2943","Waiau",27,20,7
"2944","Waiau.2",21,16,5
"2945","Waigeo",7,7,NA
"2946","Waihao",15,11,4
"2947","Waiho",10,9,1
"2948","Waihopai",8,7,1
"2949","Waihou",24,14,10
"2950","Waikanae",18,17,1
"2951","Waikari",12,11,1
"2952","Waikato",33,19,14
"2953","Waikawa",9,8,1
"2954","Waikou",22,15,7
"2955","Waikouaiti",15,14,1
"2956","Waima",13,11,2
"2957","Waimai",7,7,NA
"2958","Waimakariri",28,20,8
"2959","Waimamaku",6,6,NA
"2960","Waimatuku",12,11,1
"2961","Waimea",18,16,2
"2962","Wainui",7,7,NA
"2963","Waioeka",17,13,4
"2964","Waiongana",12,10,2
"2965","Waiotahi",10,9,1
"2966","Waipaoa",13,11,2
"2967","Waipara",15,13,2
"2968","Waipoua",12,11,1
"2969","Waipu",10,9,1
"2970","Wairau",27,23,4
"2971","Wairaurahiri",10,9,1
"2972","Waireka",21,16,5
"2973","Wairoa.1",22,15,7
"2974","Wairoa.2",19,15,4
"2975","Wairoa.3",23,13,10
"2976","Waita",11,10,1
"2977","Waitaha",14,13,1
"2978","Waitahanui",11,10,1
"2979","Waitakaruru",5,5,NA
"2980","Waitaki",28,21,7
"2981","Waitangi",14,11,3
"2982","Waitangitaona",15,13,2
"2983","Waitara",24,19,5
"2984","Waitiki",10,9,1
"2985","Waitotara",11,8,3
"2986","Waituna.creek",10,9,1
"2987","Waitutu",10,8,2
"2988","Waiwawa",13,11,2
"2989","Walawe.Ganga",41,38,3
"2990","Walkabout.creek",8,8,NA
"2991","Walker.Aus",5,5,NA
"2992","Walker.USA",24,7,17
"2993","Wami.River",30,29,1
"2994","Wandandian.creek",11,10,1
"2995","Wanganui",22,14,8
"2996","Wanganui.2",12,11,1
"2997","Wanglou.He",28,27,1
"2998","Wanquan",73,69,4
"2999","Wapoga",44,44,NA
"3000","Warenai",3,3,NA
"3001","Waria",6,6,NA
"3002","Warner.valley",5,5,NA
"3003","Warren",14,11,3
"3004","Warrigal.creek",3,3,NA
"3005","Warsamson",1,1,NA
"3006","Warunta",21,21,NA
"3007","Watchie.Swamp",3,3,NA
"3008","Water.Park.creek",16,16,NA
"3009","Wattle.Hill.creek",5,5,NA
"3010","Waverley.creek",3,3,NA
"3011","Wawa",24,24,NA
"3012","Wawoi",30,30,NA
"3013","Waychinicup",2,2,NA
"3014","Wear",28,24,4
"3015","Wearyan",9,9,NA
"3016","Welcome",9,9,NA
"3017","Wen.He",61,60,1
"3018","Wenlock",51,51,NA
"3019","Werribee",24,16,8
"3020","Wes.Kleinemonderivier",41,41,NA
"3021","Weser",33,28,5
"3022","West.Alligator",21,21,NA
"3023","West.lakes",27,27,NA
"3024","West.river",35,31,4
"3025","Western.creek",2,2,NA
"3026","Whakatane",16,12,4
"3027","Whangaehu",12,6,6
"3028","Whangaparaoa",9,9,NA
"3029","Wharekahika",9,9,NA
"3030","Whataroa",9,8,1
"3031","White.Woman.creek",4,4,NA
"3032","Whitewater",31,2,29
"3033","Whompoe",37,33,4
"3034","Wicomico",33,33,NA
"3035","Wila.Oya",31,29,2
"3036","Wildman",38,38,NA
"3037","William.creek",2,2,NA
"3038","Winapsonggae",23,22,1
"3039","Wingan",17,16,1
"3040","Wisla",40,35,5
"3041","Withlacoochee",59,56,3
"3042","Woleu",41,41,NA
"3043","Wolga.je",22,21,1
"3044","Wollae",8,8,NA
"3045","Wolli.creek",14,13,1
"3046","Wolp.yong",32,30,2
"3047","Wombat.creek",11,10,1
"3048","Wonboyn",17,17,NA
"3049","Wood",10,10,NA
"3050","Wooli.Wooli",19,19,NA
"3051","Woomera.creek",3,3,NA
"3052","Wooramel",3,3,NA
"3053","Wouri",159,159,NA
"3054","Woyla",5,5,NA
"3055","Wuerhe.He",3,3,NA
"3056","Wulagai",10,10,NA
"3057","Wulumuqi",7,7,NA
"3058","Wye",32,20,12
"3059","Wyong",27,26,1
"3060","Xanthos",28,26,2
"3061","Xiaoling.He",28,25,3
"3062","Xingcheng.He",12,10,2
"3063","Yakati",11,11,NA
"3064","Yalu",148,146,2
"3065","Yan.Oya",34,32,2
"3066","Yana",34,34,NA
"3067","Yanbetsu",1,1,NA
"3068","Yang",31,29,2
"3069","Yanggil.li",29,27,2
"3070","Yangpo.hang",11,10,1
"3071","Yangsan",96,92,4
"3072","Yangtse",441,435,6
"3073","Yaqui",60,36,24
"3074","Yaracuy",35,34,1
"3075","Yarquon",12,9,3
"3076","Yarra",38,29,9
"3077","Yate",15,12,3
"3078","Yelcho",10,7,3
"3079","Yellow",89,89,NA
"3080","Yellow.Gin.creek",3,3,NA
"3081","Yenice",42,39,3
"3082","Yenisey",89,84,5
"3083","Yesilirmak",40,37,3
"3084","Yewa",47,47,NA
"3085","Yi.Shu.He",88,86,2
"3086","Yingna.He",36,34,2
"3087","Yok",43,41,2
"3088","Yondung.chon",19,18,1
"3089","Yoneshiro",3,3,NA
"3090","Yongdae.josuji",14,12,2
"3091","Yonghae.gang",22,21,1
"3092","Yongjiang",107,105,2
"3093","Yongjon.josuji",25,24,1
"3094","Yongju.josuji",35,34,1
"3095","Yongp.o",29,28,1
"3096","York.Can",9,7,2
"3097","York.USA",72,63,9
"3098","Yoshii.Okayama",43,37,6
"3099","Yosul.bangjuk",31,30,1
"3100","Young",4,4,NA
"3101","Yubetsu",1,1,NA
"3102","Yudong.josuji",33,31,2
"3103","Yui",8,8,NA
"3104","Yukon",36,33,3
"3105","Yule",13,13,NA
"3106","Zambezi",280,263,17
"3107","Zarrine",28,15,13
"3108","Zerout",4,2,2
"3109","Zhubijiang",16,15,1
"3110","Zhujiang",442,437,5
"3111","Ziatine",5,5,NA
"3112","Zimatlan",17,17,NA
"3113","Zingwe.Zingwe.River",3,3,NA
"3114","Zio",85,84,1
"3115","Ziway.Hayk",9,9,NA
"3116","Zohreh",16,15,1
"3117","Zotsha",30,30,NA
"3118","Zrmanja",11,11,NA
"3119","uMngeni",64,51,13
