ID,Region_id,entity_ID,OBJIDsic,glonaf_ID,GIFT_ID,overlap,keep,hasdata,Merge,geo_entity,IDregion,regionF,ISOcountry,name,duplicated,TDWG,island
5,5,10572,511,511,10572,full,TRUE,TRUE,FALSE,Albania,ALB,Albania,ALB,Albania,FALSE,1,
6,6,11434,1654,1654,11434,full,TRUE,TRUE,FALSE,Andorra,AND,NA,NA,Andorra,FALSE,1,
148,148,10608,650,650,10608,full,TRUE,TRUE,FALSE,Bulgaria,BGR,Bulgaria,BGR,Bulgaria,FALSE,1,
149,149,11443,1655,1655,11443,full,TRUE,TRUE,FALSE,Bosnia and Herzegovina,BIH,NA,NA,Bosnia and Herzegovina,FALSE,1,
151,151,10599,653,653,10599,full,TRUE,TRUE,FALSE,Belarus,BLR,Belarus,BLR,Belarus,FALSE,1,
206,206,10056,710,710,10056,full,TRUE,TRUE,FALSE,Switzerland,CHE,Switzerland,CHE,Switzerland,FALSE,1,
296,296,10960,824,824,10960,full,TRUE,TRUE,FALSE,Czech Republic,CZE,Czech Republic,CZE,Czech Republic,FALSE,1,
297,297,10681,825,825,10681,full,TRUE,TRUE,FALSE,Germany,DEU,Germany,DEU,Germany,FALSE,1,
300,300,10657,828,828,10657,full,TRUE,TRUE,FALSE,Denmark,DNK,Denmark,DNK,Denmark,FALSE,1,
322,322,11456,838,838,11456,full,TRUE,TRUE,FALSE,Estonia,EST,Estonia,EST,Estonia,FALSE,1,
324,324,10672,840,840,10672,full,TRUE,TRUE,FALSE,Finland,FIN,Finland,FIN,Finland,FALSE,1,
332,332,10674,851,851,10674,full,TRUE,TRUE,FALSE,F<U+00F8>royar,FRO,Faroe Islands,DNK,Faroe Islands,FALSE,1,
347,347,10961,873,873,10961,full,TRUE,TRUE,FALSE,Croatia,HRV,Croatia,HRV,Croatia,FALSE,1,
348,348,10698,876,876,10698,full,TRUE,TRUE,FALSE,Hungary,HUN,Hungary,HUN,Hungary,FALSE,1,
352,352,729,878,878,729,full,TRUE,TRUE,FALSE,Isle of Man,IMN,Isle of Man,NA,Isle of Man,FALSE,1,
353,353,11453,912,912,11453,full,TRUE,TRUE,FALSE,Ireland,IRL,Ireland,NA,Ireland,FALSE,1,
354,354,189,183,183,189,full,TRUE,TRUE,FALSE,Iceland,ISL,Iceland,ISL,Iceland,FALSE,1,
386,386,11099,945,945,11099,full,TRUE,TRUE,FALSE,Lichtenstein,LIE,Liechtenstein,LIE,Liechtenstein,FALSE,1,
389,389,11470,948,948,11470,full,TRUE,TRUE,FALSE,Lithuania,LTU,Lithuania,LTU,Lithuania,FALSE,1,
390,390,11471,949,949,11471,full,TRUE,TRUE,FALSE,Luxembourg,LUX,Luxemburg,LUX,Luxembourg,FALSE,1,
391,391,11469,950,950,11469,full,TRUE,TRUE,FALSE,Latvia,LVA,Latvia,LVA,Latvia,FALSE,1,
393,393,11476,952,952,11476,full,TRUE,TRUE,FALSE,Moldova,MDA,Moldova,MDA,Republic of Moldova,FALSE,1,
425,425,11472,991,991,11472,full,TRUE,TRUE,FALSE,Macedonia,MKD,Macedonia,MKD,The former Yugoslav Republic of Macedonia,FALSE,1,
427,427,11474,993,993,11474,full,TRUE,TRUE,FALSE,Malta,MLT,NA,NA,Malta,FALSE,1,
429,429,11478,294,294,11478,full,TRUE,TRUE,FALSE,Montenegro,MNE,Montenegro,MNE,Montenegro,FALSE,1,
442,442,10788,1029,1029,10788,full,TRUE,TRUE,FALSE,Netherlands,NLD,Netherlands,NLD,Netherlands,FALSE,1,
443,443,10797,1030,1030,10797,full,TRUE,TRUE,FALSE,Norway,NOR,Norway,NOR,Norway (mainland),FALSE,1,
444,444,12206,1032,1032,12206,full,TRUE,TRUE,FALSE,Svalbard (excl. Jan Mayen),NOR.SVA,Svalbard,NOR,Svalbard,FALSE,1,
454,454,10830,1070,1070,10830,full,TRUE,TRUE,FALSE,Poland,POL,Poland,POL,Poland,FALSE,1,
472,472,10839,1150,1150,10839,full,TRUE,TRUE,FALSE,Romania,ROU,Romania,ROU,Romania,FALSE,1,
473,473,12074,1753,1753,12074,full,TRUE,TRUE,FALSE,Kaliningrad,RUS.KAL,NA,NA,"Kaliningrad, Russia",FALSE,1,
474,474,10420,1523,1523,10420,full,TRUE,TRUE,FALSE,"Ulyanovsk Oblast, Russian Federation",RUS.UL,NA,NA,"Ulyanovsk Oblast, Russian Federation",FALSE,1,
489,489,12200,412,412,12200,full,TRUE,TRUE,FALSE,Serbia & Kosovo,SRB,Serbia,SRB,Serbia,FALSE,1,
491,491,11506,1207,1207,11506,full,TRUE,TRUE,FALSE,Slovakia,SVK,Slovakia,SVK,Slovakia,FALSE,1,
492,492,11507,1208,1208,11507,full,TRUE,TRUE,FALSE,Slovenia,SVN,Slovenia,SVN,Slovenia,FALSE,1,
493,493,10877,1209,1209,10877,full,TRUE,TRUE,FALSE,Sweden,SWE,Sweden,SWE,Sweden,FALSE,1,
305,305,156,138,138,156,full,TRUE,TRUE,FALSE,Fernandina,ECU.GAL.FER,Fernandina,NA,Fernandina,FALSE,8,
722,722,NA,1266,1266,"11495, 12616, 12077, 12607",part,TRUE,TRUE,TRUE,Ukraine,UKR,Ukraine,UKR,Ukraine,FALSE,1,
730,730,NA,1360,1360,"10071, 12078",part,TRUE,TRUE,TRUE,Spain mainland,ESP.ESP,ESP.ESP,ESP,Spain (mainland),FALSE,1,
758,758,NA,836,836,"1033, 552, 550, 12065, 551",part,TRUE,TRUE,TRUE,Baleares,ESP.BAL,Balearics,ESP,Balearic Islands,FALSE,1,
759,759,NA,84,84,"725, 717",part,TRUE,TRUE,TRUE,Jersey and Guernsey,Channel Islands,JEY_GGY,Channel Islands,Channel Islands,FALSE,1,
760,760,NA,846,846,"12066, 10015, 736, 10104",part,TRUE,TRUE,TRUE,France,FRA,France,FRA,France (incl. Corsica),FALSE,1,
762,762,NA,865,865,"10688, 10413, 10409, 10410, 10412, 10408, 737, 10411, 10407, 12062, 1041, 1318, 1317, 1314, 1315, 12149",part,TRUE,TRUE,TRUE,Greece,GRC,Greece,GRC,Greece,FALSE,1,
771,771,11441,NA,"1833, 1834, 1835",11441,over,TRUE,TRUE,TRUE,Belgium,BEL,Belgium,BEL,Belgium,FALSE,1,
777,777,NA,NA,"854, 855, 856, 857","677, 12070",both,TRUE,TRUE,TRUE,Great Britain,GBR,Great Britain,GBR,Great Britain,FALSE,1,
780,780,NA,NA,"60, 220, 308, 382, 436, 457, 323, 499, 490","11089, 11094, 11091, 11095, 11093, 11096, 11092, 11090, 11097",full,TRUE,TRUE,TRUE,Austria,AUT,Austria,AUT,Austria,FALSE,1,
781,781,NA,NA,"1611, 1612, 1608, 1609, 1604, 1615, 1607, 1616, 1602, 1613, 1617, 1601, 1605, 921, 922, 1614, 1618, 1606, 1603, 1610","11041, 11045, 11046, 11043, 11036, 11034, 11040, 11035, 11031, 11038, 11042, 11030, 11044, 739, 738, 11039, 11029, 11033, 11037, 10034, 11032, 11098",full,TRUE,TRUE,TRUE,Italy,ITA,Italy,ITA,Italy,FALSE,1,
3,3,10579,509,509,10579,full,TRUE,TRUE,FALSE,"Angola, excl. Cabinda",AGO,Angola,AGO,Angola,FALSE,2,
142,142,10609,643,643,10609,full,TRUE,TRUE,FALSE,Burundi,BDI,Burundi,BDI,Burundi,FALSE,2,
143,143,10594,645,645,10594,full,TRUE,TRUE,FALSE,Benin,BEN,Benin,BEN,Benin,FALSE,2,
147,147,10081,649,649,10081,full,TRUE,TRUE,FALSE,Burkina Faso,BFA,Burkina Faso,BFA,Burkina Faso,FALSE,2,
190,190,10616,693,693,10616,full,TRUE,TRUE,FALSE,Central African Republic,CAF,Central African Republic,CAF,Central African Republic,FALSE,2,
245,245,10710,796,796,10710,full,TRUE,TRUE,FALSE,Ivory Coast,CIV,Cote d'Ivoire,CIV,Cote d'Ivoire,FALSE,2,
246,246,10636,797,797,10636,full,TRUE,TRUE,FALSE,Cameroon,CMR,Cameroon,CMR,Cameroon,FALSE,2,
247,247,10932,798,798,10932,full,TRUE,TRUE,FALSE,Za<U+00EF>re,COD,Congo (Democratic Rep),COD,Democratic Republic of the Congo,FALSE,2,
248,248,10641,799,799,10641,full,TRUE,TRUE,FALSE,Congo,COG,Congo,COG,Congo,FALSE,2,
298,298,10658,826,826,10658,full,TRUE,TRUE,FALSE,Djibouti,DJI,Djibouti,DJI,Djibouti,FALSE,2,
301,301,10574,830,830,10574,full,TRUE,TRUE,FALSE,Algeria,DZA,Algeria,DZA,Algeria,FALSE,2,
313,313,10668,834,834,10668,full,TRUE,TRUE,FALSE,Eritrea,ERI,Eritrea,ERI,Eritrea,FALSE,2,
314,314,10923,497,497,10923,full,TRUE,TRUE,FALSE,Western Sahara,ESH,Western Sahara,ESH,Western Sahara,FALSE,2,
315,315,145,1882,1882,145,full,TRUE,TRUE,FALSE,El Hierro,ESP.CI.EH,NA,NA,El Hierro,FALSE,2,
316,316,150,1877,1877,150,full,TRUE,TRUE,FALSE,Fuerteventura,ESP.CI.FU,NA,NA,Fuerteventura,FALSE,2,
317,317,149,1878,1878,149,full,TRUE,TRUE,FALSE,Gran Canaria,ESP.CI.GC,NA,NA,Gran Canaria,FALSE,2,
318,318,151,1879,1879,151,full,TRUE,TRUE,FALSE,Lanzarote,ESP.CI.LA,NA,NA,Lanzarote,FALSE,2,
319,319,147,1881,1881,147,full,TRUE,TRUE,FALSE,La Gomera,ESP.CI.LG,NA,NA,La Gomera,FALSE,2,
320,320,146,1880,1880,146,full,TRUE,TRUE,FALSE,La Palma,ESP.CI.LP,NA,NA,La Palma,FALSE,2,
321,321,148,1876,1876,148,full,TRUE,TRUE,FALSE,Tenerife,ESP.CI.TE,NA,NA,Tenerife,FALSE,2,
323,323,10669,839,839,10669,full,TRUE,TRUE,FALSE,Ethiopia,ETH,Ethiopia,ETH,Ethiopia,FALSE,2,
330,330,1075,1389,1389,1075,full,TRUE,TRUE,FALSE,Mayotte,FRA.MAY,NA,NA,Mayotte,FALSE,2,
331,331,202,243,243,202,full,TRUE,TRUE,FALSE,La R¨¦union,FRA.REU,La R¨¦union,FRA,Reunion,FALSE,2,
333,333,10036,852,852,10036,full,TRUE,TRUE,FALSE,Gabon,GAB,Gabon,GAB,Gabon,FALSE,2,
334,334,10679,154,154,10679,full,TRUE,TRUE,FALSE,"Gambia, The",GAM,Gambia,GMB,Gambia,FALSE,2,
335,335,575,853,853,575,full,TRUE,TRUE,FALSE,Diego Garcia,GBR.DG,Diego Garcia,NA,Diego Garcia,FALSE,2,
337,337,10683,859,859,10683,full,TRUE,TRUE,FALSE,Ghana,GHA,Ghana,GHA,Ghana,FALSE,2,
338,338,10691,860,860,10691,full,TRUE,TRUE,FALSE,Guinea,GIN,Guinea,GIN,Guinea,FALSE,2,
383,383,10733,942,942,10733,full,TRUE,TRUE,FALSE,Liberia,LBR,Liberia,LBR,Liberia,FALSE,2,
384,384,10735,943,943,10735,full,TRUE,TRUE,FALSE,Libya,LBY,Libya,LBY,Libyan Arab Jamahiriya,FALSE,2,
388,388,10087,947,947,10087,full,TRUE,TRUE,FALSE,Lesotho,LSO,Lesotho,LSO,Lesotho,FALSE,2,
392,392,10761,951,951,10761,full,TRUE,TRUE,FALSE,Morocco,MAR,Morocco,MAR,Morocco,FALSE,2,
426,426,10755,992,992,10755,full,TRUE,TRUE,FALSE,Mali,MLI,Mali,MLI,Mali,FALSE,2,
430,430,10770,1017,1017,10770,full,TRUE,TRUE,FALSE,Mauritania,MRT,Mauritania,MRT,Mauritania,FALSE,2,
433,433,1048,1623,1623,1048,full,TRUE,TRUE,FALSE,Mauritius,MUS.MUS,NA,MUS,Mauritius island,FALSE,2,
434,434,1059,373,373,1059,full,TRUE,TRUE,FALSE,Rodrigues,MUS.RO,Rodrigues (Mascarene Islands),MUS,Rodrigues (Mauritius),FALSE,2,
436,436,10090,1023,1023,10090,full,TRUE,TRUE,FALSE,Namibia,NAM,Namibia,NAM,Namibia,FALSE,2,
438,438,10793,1025,1025,10793,full,TRUE,TRUE,FALSE,Niger,NER,Niger,NER,Niger,FALSE,2,
457,457,131,102,102,131,full,TRUE,TRUE,FALSE,Corvo,PRT.AZO.COR,Corvo (Azores),PRT,Corvo,FALSE,2,
458,458,133,132,132,133,full,TRUE,TRUE,FALSE,Faial,PRT.AZO.FAI,Faial Island (Azores),PTR,Faial,FALSE,2,
459,459,132,146,146,132,full,TRUE,TRUE,FALSE,Flores,PRT.AZO.FLO,Flores (Azores),PTR,Flores,FALSE,2,
460,460,135,160,160,135,full,TRUE,TRUE,FALSE,Graciosa,PRT.AZO.GRA,Graciosa Island (Azores),PTR,Graciosa,FALSE,2,
461,461,136,405,405,136,full,TRUE,TRUE,FALSE,S<U+00E3>o Jorge,PRT.AZO.JOR,Sao Jorge Island (Azores),PTR,S<U+00E3>o Jorge,FALSE,2,
462,462,139,399,399,139,full,TRUE,TRUE,FALSE,Santa Maria,PRT.AZO.MAR,Santa Maria Island (Azores),PTR,Santa Maria,FALSE,2,
466,466,415,1075,1075,415,full,TRUE,TRUE,FALSE,Desertas,PRT.DES,Desertas,NA,Desertas,FALSE,2,
469,469,416,1077,1077,416,full,TRUE,TRUE,FALSE,Porto Santo,PRT.PSA,Porto Santo,NA,Porto Santo,FALSE,2,
470,470,417,1078,1078,417,full,TRUE,TRUE,FALSE,Savage Islands,PRT.SIS,Salvage Islands (Portugal),PTR,Salvage Islands,FALSE,2,
475,475,10845,1192,1192,10845,full,TRUE,TRUE,FALSE,Rwanda,RWA,Rwanda,RWA,Rwanda,FALSE,2,
477,477,10857,1195,1195,10857,full,TRUE,TRUE,FALSE,Senegal,SEN,Senegal,SEN,Senegal,FALSE,2,
480,480,370,32,32,370,full,TRUE,TRUE,FALSE,Ascension,SHN.AC,Ascension,GBR,Ascension Island,FALSE,2,
484,484,369,432,432,369,full,TRUE,TRUE,FALSE,St. Helena,SHN.SH,St. Helena,GBR,St Helena,FALSE,2,
486,486,10861,1202,1202,10861,full,TRUE,TRUE,FALSE,Sierra Leone,SLE,Sierra Leone,SLE,Sierra Leone,FALSE,2,
487,487,10866,1203,1203,10866,full,TRUE,TRUE,FALSE,Somalia,SOM,Somalia,SOM,Somalia,FALSE,2,
494,494,10093,1210,1210,10093,full,TRUE,TRUE,FALSE,Swaziland,SWZ,Swaziland,SWZ,Swaziland,FALSE,2,
496,496,10059,719,719,10059,full,TRUE,TRUE,FALSE,Chad,TCD,Chad,TCD,Chad,FALSE,2,
497,497,10890,1258,1258,10890,full,TRUE,TRUE,FALSE,Togo,TGO,Togo,TGO,Togo,FALSE,2,
501,501,10897,1261,1261,10897,full,TRUE,TRUE,FALSE,Tunisia,TUN,Tunisia,TUN,Tunisia,FALSE,2,
503,503,10881,1264,1264,10881,full,TRUE,TRUE,FALSE,Tanzania,TZA,Tanzania,TZA,United Republic of Tanzania,FALSE,2,
504,504,10903,1265,1265,10903,full,TRUE,TRUE,FALSE,Uganda,UGA,Uganda,UGA,Uganda,FALSE,2,
565,565,11074,1355,1355,11074,full,TRUE,TRUE,FALSE,Zimbabwe C,ZWE.C,Central region,ZWE,Central region,FALSE,2,
566,566,11075,1356,1356,11075,full,TRUE,TRUE,FALSE,Zimbabwe E,ZWE.E,Eastern region,ZWE,Eastern region,FALSE,2,
567,567,11076,1357,1357,11076,full,TRUE,TRUE,FALSE,Zimbabwe N,ZWE.N,Northern region,ZWE,Northern region,FALSE,2,
568,568,11072,1358,1358,11072,full,TRUE,TRUE,FALSE,Zimbabwe S,ZWE.S,Southern region,ZWE,Southern region,FALSE,2,
569,569,11073,1359,1359,11073,full,TRUE,TRUE,FALSE,Zimbabwe W,ZWE.W,Western region,ZWE,Western region,FALSE,2,
587,587,10719,926,926,10719,full,TRUE,TRUE,FALSE,Kenya,KEN,Kenya,KEN,Kenya,FALSE,2,
714,714,NA,1021,1021,"10756, 11085, 11086, 11084",part,TRUE,TRUE,TRUE,Malawi,MWI,Malawi,MWI,Malawi,FALSE,2,
715,715,NA,1027,1027,"10792, 12098, 12099",part,TRUE,TRUE,TRUE,Nigeria,NGA,Nigeria,NGA,Nigeria,FALSE,2,
395,395,11106,957,957,11106,full,TRUE,TRUE,FALSE,"Campeche, Mexico",MEX.CAM,Mexico Campeche,MEX,Campeche,FALSE,7,
718,718,NA,1205,1205,"11504, 363, 364",part,TRUE,TRUE,TRUE,Sao Tome and Principe,STP,Sao Tome & Principe,STP,Sao Tome and Principe,FALSE,2,
726,726,NA,129,129,"10482, 10667",part,TRUE,TRUE,TRUE,Ecuatorial Guinea,GNQ,Equatorial Guinea,GNQ,Equatorial Guinea,FALSE,2,
729,729,NA,1334,1334,"10929, 357",part,TRUE,TRUE,TRUE,Yemen,YEM,Yemen,YEM,Yemen,FALSE,3,
740,740,NA,299,299,"10762, 11080, 11082, 11081, 11079, 11083",part,TRUE,TRUE,TRUE,Mozambique,MOZ,Mozambique,MOZ,Mozambique,FALSE,2,
744,744,NA,413,413,"277, 986, 1003, 1030, 278, 1004, 289, 279, 610, 612, 1014, 611, 989, 990, 614, 613, 616, 1017, 608, 1020, 609, 633, 992",part,TRUE,TRUE,TRUE,Seychelles Islands,SYC,Seychelles,SYC,Seychelles,FALSE,2,
745,745,NA,420,420,"10091, 10083, 10084, 10094, 10088, 10092, 10086, 10089, 10085, 10763, 367, 366, 10177",part,TRUE,TRUE,TRUE,South Africa,ZAF,South Africa,ZAF,South Africa,FALSE,2,
749,749,NA,503,503,"10933, 11069, 11070, 11067, 11068, 11066",part,TRUE,TRUE,TRUE,Zambia,ZMB,Zambia,ZMB,Zambia,FALSE,2,
752,752,NA,692,692,"10082, 11063, 11065, 11064",part,TRUE,TRUE,TRUE,Botswana,BWA,Botswana,BWA,Botswana,FALSE,2,
754,754,NA,817,817,"418, 419, 421, 422, 423, 424, 425, 426, 427, 429, 430, 431",part,TRUE,TRUE,TRUE,Cape Verde,CPV,Cape Verde,CPV,Cape Verde,FALSE,2,
757,757,NA,833,833,"10664, 10862",part,TRUE,TRUE,TRUE,Egypt,EGY,Egypt,EGY,Egypt,FALSE,2,
767,767,NA,953,953,"1049, 12105, 12100, 12103, 12104, 12102",part,TRUE,TRUE,TRUE,Madagascar,MDG,Madagascar,MDG,Madagascar,FALSE,2,
772,772,10871,NA,"1885, 1886, 1887, 1888, 1889, 1890, 1891, 1892, 1893",10871,over,TRUE,TRUE,TRUE,Sudan and South Sudan,SDN,Sudan,SDN,Sudan and South Sudan,FALSE,2,
778,778,NA,NA,"862, 863, 864","10685, 10310, 10311, 10312, 1311",both,TRUE,TRUE,TRUE,Guinea-Bissau,GNB,Guinea-Bissau,GNB,GNB,FALSE,2,
620,620,11969,1679,1679,11969,full,TRUE,TRUE,FALSE,Bolshoi Syrt,KAZ.1,NA,NA,"Bolshoi Syrt, Kazakhstan",FALSE,3,
631,631,11980,1690,1690,11980,full,TRUE,TRUE,FALSE,Tobolsko-Ishimskii,KAZ.2,NA,NA,"Tobolsko-Ishimskii, Kazakhstan",FALSE,3,
645,645,11994,1704,1704,11994,full,TRUE,TRUE,FALSE,Prikaspiiskii,KAZ.6,NA,NA,"Prikaspiiskii, Kazakhstan",FALSE,3,
646,646,11995,1705,1705,11995,full,TRUE,TRUE,FALSE,Aktiubinskii,KAZ.7,NA,NA,"Aktiubinskii, Kazakhstan",FALSE,3,
661,661,12036,1735,1735,12036,full,TRUE,TRUE,FALSE,Tiumenskii Hanty-Mansiiskii,RUS.SIB.HM,NA,NA,"Hanty-Mancy, Russia",FALSE,3,
747,747,NA,463,463,"12075, 12076",part,TRUE,TRUE,TRUE,Turkey excl. East Agean Islands,TUR,Turkey,TUR,Turkey,FALSE,3,
7,7,11496,471,471,11496,full,TRUE,TRUE,FALSE,United Arab Emirates,ARE,United Arab Emirates,ARE,United Arab Emirates,FALSE,3,
32,32,11438,26,26,11438,full,TRUE,TRUE,FALSE,Armenia,ARM,Armenia,ARM,Armenia,FALSE,3,
214,214,10448,763,763,10448,full,TRUE,TRUE,FALSE,Beijing,CHN.11,Beijing,CHN,Beijing,FALSE,3,0
215,215,10449,764,764,10449,full,TRUE,TRUE,FALSE,Tianjin,CHN.12,Tianjing,CHN,Tianjin,FALSE,3,0
216,216,10450,765,765,10450,full,TRUE,TRUE,FALSE,Hebei,CHN.13,Hebei,CHN,Hebei,FALSE,3,0
217,217,10451,766,766,10451,full,TRUE,TRUE,FALSE,Shanxi,CHN.14,Shanxi,CHN,Shanxi,FALSE,3,0
218,218,10453,767,767,10453,full,TRUE,TRUE,FALSE,Liaoning,CHN.21,Liaoning,CHN,Liaoning,FALSE,3,0
219,219,10454,768,768,10454,full,TRUE,TRUE,FALSE,Jilin,CHN.22,Jilin,CHN,Jilin,FALSE,3,0
220,220,10455,769,769,10455,full,TRUE,TRUE,FALSE,Heilongjiang,CHN.23,Heilongjiang,CHN,Heilongjiang,FALSE,3,0
221,221,10456,770,770,10456,full,TRUE,TRUE,FALSE,Shanghai,CHN.31,Shanghai,CHN,Shanghai,FALSE,3,0
222,222,10457,771,771,10457,full,TRUE,TRUE,FALSE,Jiangsu,CHN.32,Jiangsu,CHN,Jiangsu,FALSE,3,0
223,223,10458,772,772,10458,full,TRUE,TRUE,FALSE,Zhejiang,CHN.33,Zhejiang,CHN,Zhejiang,FALSE,3,0
224,224,10459,773,773,10459,full,TRUE,TRUE,FALSE,Anhui,CHN.34,Anhui,CHN,Anhui,FALSE,3,0
225,225,10460,774,774,10460,full,TRUE,TRUE,FALSE,Fujian,CHN.35,Fujian,CHN,Fujian,FALSE,3,0
226,226,10461,775,775,10461,full,TRUE,TRUE,FALSE,Jiangxi,CHN.36,Jiangxi,CHN,Jiangxi,FALSE,3,0
227,227,10462,776,776,10462,full,TRUE,TRUE,FALSE,Shandong,CHN.37,Shandong,CHN,Shandong,FALSE,3,0
228,228,10463,777,777,10463,full,TRUE,TRUE,FALSE,Henan,CHN.41,Henan,CHN,Henan,FALSE,3,0
229,229,10464,778,778,10464,full,TRUE,TRUE,FALSE,Hubei,CHN.42,Hubei,CHN,Hubei,FALSE,3,0
230,230,10465,779,779,10465,full,TRUE,TRUE,FALSE,Hunan,CHN.43,Hunan,CHN,Hunan,FALSE,3,0
231,231,10466,780,780,10466,full,TRUE,TRUE,FALSE,Guangdong,CHN.44,Guangdong,CHN,Guangdong,FALSE,3,0
232,232,10467,781,781,10467,full,TRUE,TRUE,FALSE,Guangxi,CHN.45,Guangxi,CHN,Guangxi,FALSE,3,0
233,233,344,782,782,344,full,TRUE,TRUE,FALSE,Hainan,CHN.46,Hainan,CHN,Hainan,FALSE,3,1
235,235,10471,785,785,10471,full,TRUE,TRUE,FALSE,Guizhou,CHN.52,Guizhou,CHN,Guizhou,FALSE,3,0
236,236,10472,786,786,10472,full,TRUE,TRUE,FALSE,Yunnan,CHN.53,Yunnan,CHN,Yunnan,FALSE,3,0
237,237,10452,787,787,10452,full,TRUE,TRUE,FALSE,Neimenggu,CHN.55,Neimenggu (=Inner Mongolia),CHN,Nei Mongol,FALSE,3,0
238,238,10474,788,788,10474,full,TRUE,TRUE,FALSE,Shaanxi,CHN.61,Shaanxi,CHN,Shaanxi,FALSE,3,0
239,239,10475,789,789,10475,full,TRUE,TRUE,FALSE,Gansu,CHN.62,Gansu,CHN,Gansu,FALSE,3,0
240,240,10476,790,790,10476,full,TRUE,TRUE,FALSE,Qinghai,CHN.63,Qinghai,CHN,Qinghai,FALSE,3,0
241,241,10477,791,791,10477,full,TRUE,TRUE,FALSE,Ningxia,CHN.64,Ningxia,CHN,Ningxia Hui,FALSE,3,0
242,242,345,792,792,345,over,TRUE,TRUE,FALSE,Hong Kong (State),CHN.91,HongKong,CHN,Hongkong,FALSE,3,1
243,243,10478,794,794,10478,full,TRUE,TRUE,FALSE,Xinjiang,CHN.SIN,Xinjiang,CHN,Xinjiang Uygur,FALSE,3,0
244,244,10473,795,795,10473,full,TRUE,TRUE,FALSE,Xizang,CHN.TIB,Xizang,CHN,Xizang,FALSE,3,0
295,295,10654,823,823,10654,full,TRUE,TRUE,FALSE,Cyprus,CYP,Cyprus,CYP,Cyprus,FALSE,3,
355,355,10429,919,919,10429,full,TRUE,TRUE,FALSE,Israel,ISR,Israel,ISR,Israel,FALSE,3,
375,375,10002,209,209,10002,full,TRUE,TRUE,FALSE,Jordan,JOR,Jordan,JOR,Jordan,FALSE,3,
380,380,11102,940,940,11102,full,TRUE,TRUE,FALSE,South-Korea,KOR,South Korea,KOR,"Korea, Republic of",FALSE,3,
382,382,10075,250,250,10075,full,TRUE,TRUE,FALSE,Lebanon,LBN,Lebanon,LBN,Lebanon,FALSE,3,
456,456,11101,1072,1072,11101,full,TRUE,TRUE,FALSE,North-Korea,PRK,North Korea,PRK,"Korea, Democratic People's Republic of",FALSE,3,
471,471,10013,1149,1149,10013,full,TRUE,TRUE,FALSE,Qatar,QAT,Qatar,QAT,Qatar,FALSE,3,
476,476,10850,1193,1193,10850,full,TRUE,TRUE,FALSE,Saudi Arabia,SAU,Saudi Arabia,SAU,Saudi Arabia,FALSE,3,
495,495,11491,439,439,11491,full,TRUE,TRUE,FALSE,Syria,SYR,Syria,SYR,Syria,FALSE,3,
502,502,347,1263,1263,347,full,TRUE,TRUE,FALSE,Taiwan,TWN,Taiwan,TWN,Taiwan,FALSE,3,
576,576,10421,233,233,10421,full,TRUE,TRUE,FALSE,Kuwait,KWT,Kuwait,KWT,NA,FALSE,3,
577,577,10431,290,290,10431,full,TRUE,TRUE,FALSE,Mongolia,MNG,Mongolia,MNG,Mongolia,FALSE,3,
580,580,10607,1184,1184,10607,full,TRUE,TRUE,FALSE,Buryatiya,RUS.SIB.RB,Republic of Buryatia,RUS,Buryat,FALSE,3,
586,586,10708,199,199,10708,full,TRUE,TRUE,FALSE,Iraq,IRQ,Iraq,IRQ,Iraq,FALSE,3,
594,594,10900,1186,1186,10900,full,TRUE,TRUE,FALSE,Tuva,RUS.SIB.RT,Republic of Tyva,RUS,Republic of Tyva,FALSE,3,
597,597,10964,1181,1181,10964,full,TRUE,TRUE,FALSE,Kemerovo Oblast,RUS.SIB.KR,Kemerovo Region,RUS,Kemerovo,FALSE,3,
598,598,10965,1187,1187,10965,full,TRUE,TRUE,FALSE,Tomsk Oblast,RUS.SIB.TO,Tomsk Oblast,RUS,Tomsk,FALSE,3,
599,599,10966,5,5,10966,full,TRUE,TRUE,FALSE,Altay Oblast,RUS.SIB.AK,Altai Krai,RUS,Altay,FALSE,3,
600,600,10971,1185,1185,10971,full,TRUE,TRUE,FALSE,Khakass Republic,RUS.SIB.RK,Republic of Khakassia,RUS,Khakass,FALSE,3,
601,601,10972,1182,1182,10972,full,TRUE,TRUE,FALSE,Novosibirsk Oblast,RUS.SIB.NR,Novosibirsk Region,RUS,Novosibirsk,FALSE,3,
602,602,10973,1183,1183,10973,full,TRUE,TRUE,FALSE,Omsk Oblast,RUS.SIB.OR,Omsk Region,RUS,Omsk,FALSE,3,
612,612,11938,1660,1660,11938,full,TRUE,TRUE,FALSE,Amginskii,RUS.RFE.AM,NA,NA,"Amgun, Russia",FALSE,3,
613,613,11941,1663,1663,11941,full,TRUE,TRUE,FALSE,Bureinskii,RUS.RFE.BU,NA,NA,"Bureya, Russia",FALSE,3,
614,614,11942,1665,1665,11942,full,TRUE,TRUE,FALSE,Daurskii,RUS.RFE.DA,NA,NA,"Dauria, Russia",FALSE,3,
615,615,11945,1670,1670,11945,full,TRUE,TRUE,FALSE,Nizhne-Zeiskii,RUS.RFE.LZ,NA,NA,"Lower Zeya, Russia",FALSE,3,
616,616,11946,1671,1671,11946,full,TRUE,TRUE,FALSE,Niukzhinskii,RUS.RFE.NJ,NA,NA,"Nyukzha, Russia",FALSE,3,
617,617,11950,1675,1675,11950,full,TRUE,TRUE,FALSE,Yuzhno-Kurilskii,RUS.RFE.SK,NA,NA,"South Kuril Islands, Russia",FALSE,3,
618,618,11952,1677,1677,11952,full,TRUE,TRUE,FALSE,Ussuriiskii,RUS.RFE.US,NA,NA,"Ussuri, Russia",FALSE,3,
619,619,11953,1678,1678,11953,full,TRUE,TRUE,FALSE,Verkhne-Zeiskii,RUS.RFE.UZ,NA,NA,"Upper Zeya, Russia",FALSE,3,
621,621,11970,1680,1680,11970,full,TRUE,TRUE,FALSE,Zapadnii Melkosopochnik,KAZ.10,NA,NA,"Zapadnii Melkosopochnik, Kazakhstan",FALSE,3,
622,622,11971,1681,1681,11971,full,TRUE,TRUE,FALSE,Vostochnii Melkosopochnik,KAZ.11,NA,NA,"Vostochnii Melkosopochnik, Kazakhstan",FALSE,3,
623,623,11972,1682,1682,11972,full,TRUE,TRUE,FALSE,Zaisanskii,KAZ.12,NA,NA,"Zaisanskii, Kazakhstan",FALSE,3,
624,624,11973,1683,1683,11973,full,TRUE,TRUE,FALSE,Severnii Ust-Urt,KAZ.13,NA,NA,"Severnii Ust-Urt, Kazakhstan",FALSE,3,
625,625,11974,1684,1684,11974,full,TRUE,TRUE,FALSE,Priaralskii,KAZ.14,NA,NA,"Priaralskii, Kazakhstan",FALSE,3,
626,626,11975,1685,1685,11975,full,TRUE,TRUE,FALSE,Kyzyl-Ordynskii,KAZ.15,NA,NA,"Kyzyl-Ordynskii, Kazakhstan",FALSE,3,
627,627,11976,1686,1686,11976,full,TRUE,TRUE,FALSE,Betpakdolinskii,KAZ.16,NA,NA,"Betpakdolinskii, Kazakhstan",FALSE,3,
628,628,11977,1687,1687,11977,full,TRUE,TRUE,FALSE,Muiun-Kumskii,KAZ.17,NA,NA,"Muiun-Kumskii, Kazakhstan",FALSE,3,
629,629,11978,1688,1688,11978,full,TRUE,TRUE,FALSE,Balkhash-Alakulskii,KAZ.18,NA,NA,"Balkhash-Alakulskii, Kazakhstan",FALSE,3,
630,630,11979,1689,1689,11979,full,TRUE,TRUE,FALSE,Yuzhnii Ust-Urt,KAZ.19,NA,NA,"Yuzhnii Ust-Urt, Kazakhstan",FALSE,3,
632,632,11981,1691,1691,11981,full,TRUE,TRUE,FALSE,Kyzyl-Kumskii,KAZ.20,NA,NA,"Kyzyl-Kumskii, Kazakhstan",FALSE,3,
633,633,11982,1692,1692,11982,full,TRUE,TRUE,FALSE,Turkestanskii,KAZ.21,NA,NA,"Turkestanskii, Kazakhstan",FALSE,3,
634,634,11983,1693,1693,11983,full,TRUE,TRUE,FALSE,Altai,KAZ.22,NA,NA,"Altai, Kazakhstan",FALSE,3,
635,635,11984,1694,1694,11984,full,TRUE,TRUE,FALSE,Tatbagatai,KAZ.23,NA,NA,"Tatbagatai, Kazakhstan",FALSE,3,
636,636,11985,1695,1695,11985,full,TRUE,TRUE,FALSE,Dzhungarskii Alatau,KAZ.24,NA,NA,"Dzhungarskii Alatau, Kazakhstan",FALSE,3,
637,637,11986,1696,1696,11986,full,TRUE,TRUE,FALSE,Zailiiskii Alatau,KAZ.25,NA,NA,"Zailiiskii Alatau, Kazakhstan",FALSE,3,
638,638,11987,1697,1697,11987,full,TRUE,TRUE,FALSE,Chu-Iliiskie Gory,KAZ.26,NA,NA,"Chu-Iliiskie Gory, Kazakhstan",FALSE,3,
639,639,11988,1698,1698,11988,full,TRUE,TRUE,FALSE,Kyrgyzskii Alatau,KAZ.27,NA,NA,"Kyrgyzskii Alatau, Kazakhstan",FALSE,3,
640,640,11989,1699,1699,11989,full,TRUE,TRUE,FALSE,Karatau,KAZ.28,NA,NA,"Karatau, Kazakhstan",FALSE,3,
641,641,11990,1700,1700,11990,full,TRUE,TRUE,FALSE,Zapadnii Tian-Shan,KAZ.29,NA,NA,"Zapadnii Tian-Shan, Kazakhstan",FALSE,3,
642,642,11991,1701,1701,11991,full,TRUE,TRUE,FALSE,Irtyshskii,KAZ.3,NA,NA,"Irtyshskii, Kazakhstan",FALSE,3,
643,643,11992,1702,1702,11992,full,TRUE,TRUE,FALSE,Semipalatinskii borovoi,KAZ.4,NA,NA,"Semipalatinskii borovoi, Kazakhstan",FALSE,3,
644,644,11993,1703,1703,11993,full,TRUE,TRUE,FALSE,Kokchetavskii,KAZ.5,NA,NA,"Kokchetavskii, Kazakhstan",FALSE,3,
647,647,11996,1706,1706,11996,full,TRUE,TRUE,FALSE,Embenskii,KAZ.8,NA,NA,"Embenskii, Kazakhstan",FALSE,3,
648,648,11997,1707,1707,11997,full,TRUE,TRUE,FALSE,Turgaiskii,KAZ.9,NA,NA,"Turgaiskii, Kazakhstan",FALSE,3,
649,649,12000,1726,1726,12000,full,TRUE,TRUE,FALSE,Chitinskii Kalarskii,RUS.SIB.KA,NA,NA,"Kalar, Russia",FALSE,3,
650,650,12001,1727,1727,12001,full,TRUE,TRUE,FALSE,Chitinskii Shilko-Argunskii,RUS.SIB.SH,NA,NA,"Shilka-Argun, Russia",FALSE,3,
653,653,12004,1730,1730,12004,full,TRUE,TRUE,FALSE,Krasnoyarskii Putoranskii,RUS.SIB.PU,NA,NA,"Putorana, Russia",FALSE,3,
654,654,12006,1732,1732,12006,full,TRUE,TRUE,FALSE,Krasnoyarskii Tungusskii,RUS.SIB.TN,NA,NA,"Tungusska, Russia",FALSE,3,
655,655,12025,1669,1669,12025,full,TRUE,TRUE,FALSE,Koriakskii,RUS.RFE.KR,NA,NA,"Koryakia, Russia",FALSE,3,
656,656,12026,1738,1738,12026,full,TRUE,TRUE,FALSE,Yakutskii Aldanskii,RUS.SIB.AL,NA,NA,"Aldan (Siberia), Russia",FALSE,3,
657,657,12028,1740,1740,12028,full,TRUE,TRUE,FALSE,Yakutskii Kolymskii,RUS.SIB.KO,NA,NA,"Kolyma (Siberia), Russia",FALSE,3,
658,658,12029,1741,1741,12029,full,TRUE,TRUE,FALSE,Yakutskii Oleneksko-Nizhnelenskii,RUS.SIB.OL,NA,NA,"Olenek, Russia",FALSE,3,
659,659,12030,1742,1742,12030,full,TRUE,TRUE,FALSE,Yakutskii Viliuisko-Verkhnelenskii,RUS.SIB.VI,NA,NA,"Vilyui, Russia",FALSE,3,
660,660,12031,1743,1743,12031,full,TRUE,TRUE,FALSE,Yakutskii Yano-Indigirskii,RUS.SIB.YI,NA,NA,"Yana-Indigirka, Russia",FALSE,3,
662,662,12037,1733,1733,12037,full,TRUE,TRUE,FALSE,Krasnoyarskii Verkhneyenisseiskii,RUS.SIB.UE,NA,NA,"Upper Enisei, Russia",FALSE,3,
663,663,12038,1734,1734,12038,full,TRUE,TRUE,FALSE,Kurganskii,RUS.SIB.KU,NA,NA,"Kurgan, Russia",FALSE,3,
664,664,12039,1736,1736,12039,full,TRUE,TRUE,FALSE,Tiumenskii Tobolskii,RUS.SIB.TB,NA,NA,"Tobol, Russia",FALSE,3,
665,665,12060,1659,1659,12060,full,TRUE,TRUE,FALSE,Far East Aldanskii,RUS.RFE.AL,NA,NA,"Aldan (Far East), Russia",FALSE,3,
713,713,NA,1179,1179,"12641, 12643, 12644",part,TRUE,TRUE,TRUE,Irkutsk Oblast,RUS.SIB.IO,Irkutsk Oblast,RUS,Irkutsk Oblast,FALSE,3,
753,753,NA,784,784,"10469, 10470",part,TRUE,TRUE,TRUE,Sichuan and Chongqin,CHN.51,Sichuan,CHN,Sichuan and Chongqin,FALSE,3,0
761,761,NA,858,858,"11460, 12069, 12067",part,TRUE,TRUE,TRUE,Georgia,GEO,Georgia (Republic),GEO,Georgia,FALSE,3,
766,766,NA,927,927,"10329, 10330, 10331, 10332, 10333, 10334, 10335",part,TRUE,TRUE,TRUE,Kirgizistan,KGZ,Kyrgyzstan,KGZ,Kyrgyzstan,FALSE,3,
768,768,1209,NA,"1673, 1676",1209,over,TRUE,TRUE,TRUE,"Kuril<U+00A0>Islands,<U+00A0>Russia",RUS.RFE.###,Russia,RUS,"Sakhalin Islands,<U+00A0>Russia",FALSE,3,
770,770,12600,NA,"1816, 1827",12600,over,TRUE,TRUE,TRUE,"East and West Chukotka, Russia",RUS.RFE.###,Russia,RUS,"East and West Chukotka, Russia",FALSE,3,
774,774,NA,NA,"1666, 1672, 1668","583, 406, 405, 597, 596, 595, 978, 977, 12626",both,TRUE,TRUE,TRUE,"Kamchatka incl. Kuriles and Commander Islands, Russia",RUS.RFE.###,Russia,RUS,"Kamchatka incl. Kuriles and Commander Islands, Russia",FALSE,3,
782,782,10817,NA,"1926, 1927, 1928",10817,over,TRUE,TRUE,TRUE,Oman,OMN,Oman,OMN,Oman,FALSE,3,
783,783,10902,NA,"1531, 1532, 1533, 1534, 1535, 1536, 1537, 1538, 1539, 1540, 1541, 1542, 1543, 1544, 1545, 1546, 1547, 1548, 1549, 1550, 1551, 1552, 1553, 1554, 1555, 1556",10902,over,TRUE,TRUE,TRUE,Tajikistan,TJK,Tajikistan,TJK,Tajikistan,FALSE,3,
2,2,10567,2,2,10567,full,TRUE,TRUE,FALSE,Afghanistan,AFG,Afghanistan,AFG,Afghanistan,FALSE,3,
161,161,1035,48,48,1035,over,TRUE,TRUE,FALSE,Borneo,BOR,Borneo,NA,Borneo,FALSE,4,
189,189,11446,59,59,11446,full,TRUE,TRUE,FALSE,Brunei,BRN,Brunei,BRN,Brunei Darussalam,FALSE,4,
205,205,126,709,709,126,full,TRUE,TRUE,FALSE,Cocos (Keeling) North Keeling Island,CCK.NKI,Cocos (Keeling) North Keeling Island,NA,Cocos (Keeling) North Keeling Island,FALSE,4,
294,294,3,821,821,3,full,TRUE,TRUE,FALSE,Christmas Island,CXR,Christmas Island,NA,Christmas Island,FALSE,4,
349,349,1045,1773,1773,1045,full,TRUE,TRUE,FALSE,Jawa,IDN.JW,NA,NA,Jawa,FALSE,4,
350,350,12151,195,195,12151,full,TRUE,TRUE,FALSE,Indonesian New Guinea,IDN.PP,Indonesia Papua,IDN,Papua,FALSE,4,
351,351,1065,196,196,1065,full,TRUE,TRUE,FALSE,Sulawesi,IDN.SL,Indonesia Sulawesi,IDN,Sulawesi,FALSE,4,
376,376,10619,66,66,10619,full,TRUE,TRUE,FALSE,Cambodia,KHM,Cambodia,KHM,Cambodia,FALSE,4,
381,381,10732,941,941,10732,full,TRUE,TRUE,FALSE,Laos,LAO,Laos,LAO,Lao People's Democratic Republic,FALSE,4,
387,387,1064,946,946,1064,full,TRUE,TRUE,FALSE,Sri Lanka,LKA,Sri Lanka,LKA,Sri Lanka,FALSE,4,
428,428,10778,301,301,10778,full,TRUE,TRUE,FALSE,Myanmar,MMR,Myanmar,MMR,Myanmar,FALSE,4,
435,435,11390,1022,1022,11390,full,TRUE,TRUE,FALSE,"Malaysian Peninsular, excl. Singapore",MYS.PEN,Penninsular Malaysia,MYS,MYS_Peninsula,FALSE,4,
453,453,1058,1069,1069,1058,full,TRUE,TRUE,FALSE,Philippines,PHL,Philippines,PHL,Philippines,FALSE,4,
478,478,546,1196,1196,546,full,TRUE,TRUE,FALSE,Singapore,SGP,Singapore,SGP,Singapore,FALSE,4,
498,498,10888,1259,1259,10888,full,TRUE,TRUE,FALSE,Thailand,THA,Thailand,THA,Thailand,FALSE,4,
499,499,11492,122,122,11492,full,TRUE,TRUE,FALSE,East Timor,TMP,East Timor,TLS,East Timor,FALSE,4,
560,560,10912,486,486,10912,full,TRUE,TRUE,FALSE,Vietnam,VNM,Vietnam,VNM,Vietnam,FALSE,4,
578,578,10593,40,40,10593,full,TRUE,TRUE,FALSE,Bangladesh,BGD,Bangladesh,BGD,Bangladesh,FALSE,4,
585,585,10707,198,198,10707,full,TRUE,TRUE,FALSE,Iran,IRN,Iran,IRN,Iran (Islamic Republic of),FALSE,3,
588,588,10787,1033,1033,10787,full,TRUE,TRUE,FALSE,Nepal,NPL,Nepal,NPL,Nepal,FALSE,4,
592,592,10820,349,349,10820,full,TRUE,TRUE,FALSE,Pakistan,PAK,Pakistan,PAK,Pakistan,FALSE,4,
666,666,12182,882,882,12182,full,TRUE,TRUE,FALSE,Assam,IND.ASS,Assam,IND,Assam,FALSE,4,
667,667,12183,883,883,12183,full,TRUE,TRUE,FALSE,Bihar,IND.BIH,Bihar,IND,Bihar,FALSE,4,
668,668,12184,885,885,12184,full,TRUE,TRUE,FALSE,Chattisgarh,IND.CHH,Chhattisgarh,IND,Chhattisgarh,FALSE,4,
669,669,12186,886,886,12186,full,TRUE,TRUE,FALSE,Delhi,IND.DEL,Delhi,IND,Delhi,FALSE,4,
670,670,12187,887,887,12187,full,TRUE,TRUE,FALSE,Goa,IND.GOA,Goa,IND,Goa,FALSE,4,
671,671,12188,889,889,12188,full,TRUE,TRUE,FALSE,Haryana,IND.HAR,Haryana,IND,Haryana,FALSE,4,
672,672,12189,890,890,12189,full,TRUE,TRUE,FALSE,Himachal Pradesh,IND.HIP,Himachal Pradesh,IND,Himachal Pradesh,FALSE,4,
673,673,12190,892,892,12190,full,TRUE,TRUE,FALSE,Jharkhand,IND.JHA,Jharkhand,IND,Jharkhand,FALSE,4,
674,674,12191,893,893,12191,full,TRUE,TRUE,FALSE,Karnataka,IND.KAR,Karnataka,IND,Karnataka,FALSE,4,
675,675,12192,898,898,12192,full,TRUE,TRUE,FALSE,Madhaya Pradesh,IND.MAP,Madhya Pradesh,IND,Madhya Pradesh,FALSE,4,
676,676,12193,896,896,12193,full,TRUE,TRUE,FALSE,Maharashtra,IND.MAH,Maharashtra,IND,Maharashtra,FALSE,4,
677,677,12194,900,900,12194,full,TRUE,TRUE,FALSE,Mizoram,IND.MIZ,Mizoram,IND,Mizoram,FALSE,4,
678,678,12195,901,901,12195,full,TRUE,TRUE,FALSE,Nagaland,IND.NAG,Nagaland,IND,Nagaland,FALSE,4,
679,679,12196,904,904,12196,full,TRUE,TRUE,FALSE,Punjab,IND.PUN,Punjab,IND,Punjab,FALSE,4,
680,680,12197,906,906,12197,full,TRUE,TRUE,FALSE,Sikkim,IND.SIK,Sikkim,IND,Sikkim,FALSE,4,
681,681,12198,908,908,12198,full,TRUE,TRUE,FALSE,Tripura,IND.TRI,Tripura,IND,Tripura,FALSE,4,
682,682,12199,910,910,12199,full,TRUE,TRUE,FALSE,Uttar Pradesh,IND.UTP,Uttar Pradesh,IND,Uttar Pradesh,FALSE,4,
738,738,NA,197,197,"1066, 12113",part,TRUE,TRUE,TRUE,Sumatra,IDN.SM,Indonesia Sumatra,IDN,Sumatra,FALSE,4,
741,741,NA,353,353,"11482, 12152",part,TRUE,TRUE,TRUE,Papua New Guinea,PNG,Papua New Guinea,PNG,Papua New Guinea,FALSE,4,
763,763,NA,879,879,"1032, 1054",part,TRUE,TRUE,TRUE,Andaman & Nicobar,IND.AAN,Andaman and Nicobar,IND,Andaman and Nicobar,FALSE,4,
769,769,11442,NA,"1792, 1793, 1794, 1795, 1796, 1797, 1798, 1799, 1800, 1801, 1802, 1803, 1804, 1805, 1806, 1807, 1808, 1809, 1810, 1811",11442,over,TRUE,TRUE,TRUE,Bhutan,BTN,Bhutan,BTN,Bhutan,FALSE,4,
39,39,83,545,545,83,full,TRUE,TRUE,FALSE,Alexander Island,AUS.AI,Alexander Island,NA,"Alexander Island (Australia, not Antarctica)",FALSE,5,
40,40,1,546,546,1,full,TRUE,TRUE,FALSE,Ashmore Reef,AUS.AR,Ashmore Reef,NA,Ashmore Reef,FALSE,5,
41,41,40,549,549,40,full,TRUE,TRUE,FALSE,East Wallabi Island,AUS.EWI,East Wallabi Island,NA,East Wallabi Island,FALSE,5,
42,42,76,550,550,76,full,TRUE,TRUE,FALSE,Gilbert Island,AUS.GI,Gilbert Island,NA,Gilbert Island,FALSE,5,
43,43,113,551,551,113,full,TRUE,TRUE,FALSE,Gun Island,AUS.GUI,Gun Island,NA,Gun Island,FALSE,5,
44,44,55,552,552,55,full,TRUE,TRUE,FALSE,Stokes Island,AUS.HI,Helms Island,NA,Helms Island,FALSE,5,
45,45,70,554,554,70,full,TRUE,TRUE,FALSE,Leo Island,AUS.LEI,Leo Island,NA,Leo Island,FALSE,5,
46,46,33,555,555,33,full,TRUE,TRUE,FALSE,"Long Island, Houtman Abrolhos",AUS.LI,"Long Island, Houtman Abrolhos",NA,"Long Island, Houtman Abrolhos",FALSE,5,
47,47,66,556,556,66,full,TRUE,TRUE,FALSE,Little Rat Island,AUS.LRI,Little Rat Island,NA,Little Rat Island,FALSE,5,
48,48,63,557,557,63,full,TRUE,TRUE,FALSE,Morley Island,AUS.MI,Morley Island,NA,Morley Island,FALSE,5,
49,49,105,558,558,105,full,TRUE,TRUE,FALSE,Middle Island,AUS.MII,Middle Island,NA,Middle Island,FALSE,5,
50,50,104,559,559,104,full,TRUE,TRUE,FALSE,Murray Island,AUS.MUI,Murray Island,NA,Murray Island,FALSE,5,
51,51,103,560,560,103,full,TRUE,TRUE,FALSE,Newman Island,AUS.NEI,Newman Island,NA,Newman Island,FALSE,5,
52,52,29,561,561,29,full,TRUE,TRUE,FALSE,"North Island, Houtman Abrolhos",AUS.NI,"North Island, Houtman Abrolhos",NA,"North Island, Houtman Abrolhos",FALSE,5,
53,53,11421,562,562,11421,full,TRUE,TRUE,FALSE,"Central Coast, Australia",AUS.NSW.CC,NSW: Central Coast,AUS,Central Coast,FALSE,5,
54,54,11424,563,563,11424,full,TRUE,TRUE,FALSE,"Central Tablelands, Australia",AUS.NSW.CT,NSW: Central Tablelands,AUS,Central Tablelands,FALSE,5,
55,55,11427,320,320,11427,full,TRUE,TRUE,FALSE,"Central Western Slopes, Australia",AUS.NSW.CWS,NSW: Central Western Slopes,AUS,Central Western Slopes,FALSE,5,
56,56,127,564,564,127,full,TRUE,TRUE,FALSE,Lord Howe Island,AUS.NSW.LHI,Lord Howe Island,AUS,Lord Howe Island,FALSE,5,
57,57,11420,565,565,11420,full,TRUE,TRUE,FALSE,"North Coast, Australia",AUS.NSW.NC,NSW: North Coast,AUS,North Coast,FALSE,5,
58,58,11431,566,566,11431,full,TRUE,TRUE,FALSE,"North Far Western Plains, Australia",AUS.NSW.NFWP,NSW: North Far Western Plains,AUS,North Far Western Plains,FALSE,5,
59,59,11423,567,567,11423,full,TRUE,TRUE,FALSE,"Northern Tablelands, Australia",AUS.NSW.NT,NSW: Northern Tablelands,AUS,Northern Tablelands,FALSE,5,
60,60,11429,568,568,11429,full,TRUE,TRUE,FALSE,"North Western Plains, Australia",AUS.NSW.NWP,NSW: North Western Plains,AUS,North Western Plains,FALSE,5,
61,61,11426,569,569,11426,full,TRUE,TRUE,FALSE,"North Western Slopes, Australia",AUS.NSW.NWS,NSW: North Western Slopes,AUS,North Western Slopes,FALSE,5,
62,62,11422,570,570,11422,full,TRUE,TRUE,FALSE,"South Coast, Australia",AUS.NSW.SC,NSW: South Coast,AUS,South Coast,FALSE,5,
63,63,11432,571,571,11432,full,TRUE,TRUE,FALSE,"South Far Western Plains, Australia",AUS.NSW.SFWP,NSW: South Far Western Plains,AUS,South Far Western Plains,FALSE,5,
64,64,11425,572,572,11425,full,TRUE,TRUE,FALSE,"Southern Tablelands, Australia",AUS.NSW.ST,NSW: Southern Tablelands,AUS,Southern Tablelands,FALSE,5,
65,65,11430,573,573,11430,full,TRUE,TRUE,FALSE,"South Western Plains, Australia",AUS.NSW.SWP,NSW: South Western Plains,AUS,South Western Plains,FALSE,5,
66,66,11428,574,574,11428,full,TRUE,TRUE,FALSE,"South Western Slopes, Australia",AUS.NSW.SWS,NSW: South Western Slopes,AUS,South Western Slopes,FALSE,5,
67,67,10801,575,575,10801,full,TRUE,TRUE,FALSE,Northern Territory,AUS.NT,Northern Territory (Australia),AUS,Northern Territory,FALSE,5,
68,68,100,576,576,100,full,TRUE,TRUE,FALSE,Pelsaert Island,AUS.PEI,Pelsaert Island,NA,Pelsaert Island,FALSE,5,
69,69,26,577,577,26,full,TRUE,TRUE,FALSE,Pigeon Island,AUS.PI,Pigeon Island,NA,Pigeon Island,FALSE,5,
70,70,10017,578,578,10017,full,TRUE,TRUE,FALSE,"Burke, QLD, Australia",AUS.QNS.BK,QNS-BK,AUS,Burke,FALSE,5,
71,71,10018,579,579,10018,full,TRUE,TRUE,FALSE,"Burnett, QLD, Australia",AUS.QNS.BN,QNS-BN,AUS,Burnett,FALSE,5,
72,72,10019,580,580,10019,full,TRUE,TRUE,FALSE,"Cook, QLD, Australia",AUS.QNS.CO,QNS-CO,AUS,Cook,FALSE,5,
73,73,10020,581,581,10020,full,TRUE,TRUE,FALSE,"Darling Downs, QLD, Australia",AUS.QNS.DD,QNS-DD,AUS,Darling Downs,FALSE,5,
74,74,10021,582,582,10021,full,TRUE,TRUE,FALSE,"Gregory North, QLD, Australia",AUS.QNS.GN,QNS-GN,AUS,Gregory North,FALSE,5,
75,75,10022,583,583,10022,full,TRUE,TRUE,FALSE,"Gregory South, QLD, Australia",AUS.QNS.GS,QNS-GS,AUS,Gregory South,FALSE,5,
76,76,10023,584,584,10023,full,TRUE,TRUE,FALSE,"Leichhardt, QLD, Australia",AUS.QNS.LE,QNS-LE,AUS,Leichhardt,FALSE,5,
77,77,10024,585,585,10024,full,TRUE,TRUE,FALSE,"Maranoa, QLD, Australia",AUS.QNS.MA,QNS-MA,AUS,Maranoa,FALSE,5,
78,78,10025,586,586,10025,full,TRUE,TRUE,FALSE,"Mitchell, QLD, Australia",AUS.QNS.MI,QNS-MI,NA,Mitchell,FALSE,5,
79,79,10026,587,587,10026,part,TRUE,TRUE,FALSE,"Moreton, QLD, Australia",AUS.QNS.MO,QNS-MO,AUS,Moreton,FALSE,5,
80,80,10027,588,588,10027,full,TRUE,TRUE,FALSE,"North Kennedy, QLD, Australia",AUS.QNS.NK,QNS-NK,AUS,North Kennedy,FALSE,5,
81,81,10028,589,589,10028,full,TRUE,TRUE,FALSE,"Port Curtis, QLD, Australia",AUS.QNS.PC,QNS-PC,AUS,Port Curtis,FALSE,5,
82,82,10029,590,590,10029,full,TRUE,TRUE,FALSE,"South Kennedy, QLD, Australia",AUS.QNS.SK,QNS-SK,AUS,South Kennedy,FALSE,5,
83,83,10030,591,591,10030,full,TRUE,TRUE,FALSE,"Warrego, QLD, Australia",AUS.QNS.WA,QNS-WA,AUS,Warrego,FALSE,5,
84,84,10031,592,592,10031,part,TRUE,TRUE,FALSE,"Wide Bay, QLD, Australia",AUS.QNS.WB,QNS-WB,AUS,Wide Bay,FALSE,5,
85,85,61,593,593,61,full,TRUE,TRUE,FALSE,Rat Island,AUS.RI,Rat Island,NA,Rat Island,FALSE,5,
86,86,11016,594,594,11016,full,TRUE,TRUE,FALSE,Eastern,AUS.SA.EA,SA-EA,AUS,Eastern,FALSE,5,
87,87,11017,595,595,11017,full,TRUE,TRUE,FALSE,Eyre Peninsula,AUS.SA.EP,SA-EP,AUS,Eyre Peninsula,FALSE,5,
88,88,11015,596,596,11015,full,TRUE,TRUE,FALSE,Flinders Ranges,AUS.SA.FR,SA-FR,AUS,Flinders Ranges,FALSE,5,
89,89,11014,597,597,11014,full,TRUE,TRUE,FALSE,Gairdner-Torrens,AUS.SA.GT,SA-GT,AUS,Gairdner-Torrens,FALSE,5,
90,90,201,598,598,201,full,TRUE,TRUE,FALSE,Kangaroo Island,AUS.SA.KI,Kangaroo Island,NA,Kangaroo Island,FALSE,5,
91,91,11012,599,599,11012,full,TRUE,TRUE,FALSE,Lake Eyre,AUS.SA.LE,SA-LE,AUS,Lake Eyre,FALSE,5,
92,92,11019,600,600,11019,full,TRUE,TRUE,FALSE,Murray,AUS.SA.MU,SA-MU,AUS,Murray,FALSE,5,
93,93,11018,601,601,11018,full,TRUE,TRUE,FALSE,Northern Lofty,AUS.SA.NL,SA-NL,AUS,Northern Lofty,FALSE,5,
94,94,11013,602,602,11013,full,TRUE,TRUE,FALSE,Nallarbor,AUS.SA.NU,SA-NU,AUS,Nullarbor,FALSE,5,
95,95,11011,603,603,11011,full,TRUE,TRUE,FALSE,North Western,AUS.SA.NW,SA-NW,AUS,North-Western,FALSE,5,
96,96,11022,604,604,11022,full,TRUE,TRUE,FALSE,South Eastern,AUS.SA.SE,SA-SE,AUS,South-Eastern,FALSE,5,
97,97,11021,605,605,11021,full,TRUE,TRUE,FALSE,Southern Lofty,AUS.SA.SL,SA-SL,AUS,Southern Lofty,FALSE,5,
98,98,11020,606,606,11020,full,TRUE,TRUE,FALSE,Yorke Peninsula,AUS.SA.YP,SA-YP,AUS,Yorke Peninsula,FALSE,5,
99,99,58,607,607,58,full,TRUE,TRUE,FALSE,Serventy Island,AUS.SEI,Serventy Island,NA,Serventy Island,FALSE,5,
100,100,54,609,609,54,full,TRUE,TRUE,FALSE,Suomi Island,AUS.SUI,Suomi Island,NA,Suomi Island,FALSE,5,
101,101,587,610,610,587,full,TRUE,TRUE,FALSE,Tasmania,AUS.TAS,Tasmania,AUS,Tasmania,FALSE,5,
103,103,99,612,612,99,full,TRUE,TRUE,FALSE,Post office Island,AUS.UMI,Uncle Margie Island,NA,Uncle Margie Island,FALSE,5,
104,104,11400,613,613,11400,full,TRUE,TRUE,FALSE,"Avon Wheatbelt, Australia",AUS.WA.AW,WA-AW,AUS,Avon Wheatbelt,FALSE,5,
105,105,11411,614,614,11411,full,TRUE,TRUE,FALSE,"Carnarvon, Australia",AUS.WA.CAR,WA-CAR,AUS,Carnarvon,FALSE,5,
106,106,11394,615,615,11394,full,TRUE,TRUE,FALSE,"Central Kimberley, Australia",AUS.WA.CK,WA-CK,AUS,Central Kimberley,FALSE,5,
107,107,11406,616,616,11406,full,TRUE,TRUE,FALSE,"Coolgardie, Australia",AUS.WA.COO,WA-COO,AUS,Coolgardie,FALSE,5,
108,108,11410,617,617,11410,full,TRUE,TRUE,FALSE,"Central Ranges, Australia",AUS.WA.CR,WA-CR,AUS,Central Ranges,FALSE,5,
109,109,11413,618,618,11413,full,TRUE,TRUE,FALSE,"Dampierland, Australia",AUS.WA.DL,WA-DL,AUS,Dampierland,FALSE,5,
110,110,11401,619,619,11401,over,TRUE,TRUE,FALSE,"Esperance Plains, Australia",AUS.WA.ESP,WA-ESP,AUS,Esperance Plains,FALSE,5,
111,111,11414,620,620,11414,full,TRUE,TRUE,FALSE,"Gascoyne, Australia",AUS.WA.GAS,WA-GAS,AUS,Gascoyne,FALSE,5,
112,112,11412,621,621,11412,full,TRUE,TRUE,FALSE,"Gibson Desert, Australia",AUS.WA.GD,WA-GD,AUS,Gibson Desert,FALSE,5,
113,113,11417,622,622,11417,part,TRUE,TRUE,FALSE,"Great Sandy Desert, Australia",AUS.WA.GSD,WA-GSD,AUS,Great Sandy Desert,FALSE,5,
114,114,11395,623,623,11395,full,TRUE,TRUE,FALSE,"Geraldton Sandplains, Australia",AUS.WA.GSP,WA-GSP,AUS,Geraldton Sandplains,FALSE,5,
115,115,11409,624,624,11409,full,TRUE,TRUE,FALSE,"Great Victoria Desert, Australia",AUS.WA.GVD,WA-GVD,AUS,Great Victoria Desert,FALSE,5,
116,116,11418,625,625,11418,full,TRUE,TRUE,FALSE,"Hampton, Australia",AUS.WA.HAM,WA-HAM,AUS,Hampton,FALSE,5,
117,117,11402,626,626,11402,full,TRUE,TRUE,FALSE,"Jarrah Forest, Australia",AUS.WA.JF,WA-JF,AUS,Jarrah Forest,FALSE,5,
118,118,11415,627,627,11415,full,TRUE,TRUE,FALSE,"Little Sandy Desert, Australia",AUS.WA.LSD,WA-LSD,AUS,Little Sandy Desert,FALSE,5,
119,119,11403,628,628,11403,part,TRUE,TRUE,FALSE,"Mallee, Australia",AUS.WA.MAL,WA-MAL,AUS,Mallee,FALSE,5,
120,120,11407,629,629,11407,full,TRUE,TRUE,FALSE,"Murchison, Australia",AUS.WA.MUR,WA-MUR,AUS,Murchison,FALSE,5,
121,121,11396,630,630,11396,part,TRUE,TRUE,FALSE,"Northern Kimberley, Australia",AUS.WA.NK,WA-NK,AUS,Northern Kimberley,FALSE,5,
122,122,11419,631,631,11419,full,TRUE,TRUE,FALSE,"Nullarbor, Australia",AUS.WA.NUL,WA-NUL,AUS,Nullarbor,FALSE,5,
123,123,11397,632,632,11397,full,TRUE,TRUE,FALSE,"Ord Victoria Plain, Australia",AUS.WA.OVP,WA-OVP,AUS,Ord Victoria Plain,FALSE,5,
124,124,11398,633,633,11398,full,TRUE,TRUE,FALSE,"Pilbara (IBRA), Australia",AUS.WA.PIL,WA-PIL,AUS,Pilbara,FALSE,5,
125,125,11404,634,634,11404,full,TRUE,TRUE,FALSE,"Swan Coastal Plain, Australia",AUS.WA.SWA,WA-SWA,AUS,Swan Coastal Plain,FALSE,5,
126,126,11416,635,635,11416,full,TRUE,TRUE,FALSE,"Tanami, Australia",AUS.WA.TAN,WA-TAN,AUS,Tanami,FALSE,5,
127,127,11399,636,636,11399,full,TRUE,TRUE,FALSE,"Victoria Bonaparte, Australia",AUS.WA.VB,WA-VB,AUS,Victoria Bonaparte,FALSE,5,
128,128,11405,637,637,11405,part,TRUE,TRUE,FALSE,"Warren, Australia",AUS.WA.WAR,WA-WAR,AUS,Warren,FALSE,5,
129,129,11408,638,638,11408,full,TRUE,TRUE,FALSE,"Yalgoo, Australia",AUS.WA.YAL,WA-YAL,AUS,Yalgoo,FALSE,5,
130,130,51,639,639,51,full,TRUE,TRUE,FALSE,White Island,AUS.WHI,White Island,NA,White Island,FALSE,5,
131,131,50,640,640,50,full,TRUE,TRUE,FALSE,Wooded Island,AUS.WI,Wooded Island,NA,Wooded Island,FALSE,5,
132,132,5,641,641,5,full,TRUE,TRUE,FALSE,West Wallabi Island,AUS.WWI,West Wallabi Island,NA,West Wallabi Island,FALSE,5,
439,439,128,1026,1026,128,full,TRUE,TRUE,FALSE,Norfolk Island,NFK,Norfolk Island,AUS,Norfolk Island,FALSE,5,
446,446,553,1036,1036,553,full,TRUE,TRUE,FALSE,Auckland Islands,NZL.AUC,Auckland Islands,NZL,Auckland Islands,FALSE,5,
447,447,627,1037,1037,627,full,TRUE,TRUE,FALSE,Chatham Islands,NZL.CI,Chatham Islands,NA,Chatham Islands,FALSE,5,
448,448,362,227,227,362,full,TRUE,TRUE,FALSE,Kermadec Islands,NZL.KEI,Kermadec Island,NZL,Kermadec Islands,FALSE,5,
449,449,1224,1528,1528,1224,full,TRUE,TRUE,FALSE,"North Island, New Zealand",NZL.NOI,NA,NA,New Zealand North Island,FALSE,5,
450,450,12057,1529,1529,12057,full,TRUE,TRUE,FALSE,"South Island, New Zealand",NZL.SOI,NA,NA,New Zealand South Island (without Stewart Island etc.),FALSE,5,
451,451,11664,1530,1530,11664,full,TRUE,TRUE,FALSE,Stewart Island,NZL.STI,NA,NA,New Zealand Stewart Island,FALSE,5,
570,570,23,608,608,23,full,TRUE,TRUE,FALSE,Seagull Island,AUS.SI,Seagull Island,NA,Seagull Island,FALSE,5,
571,571,46,547,547,46,full,TRUE,TRUE,FALSE,Beacon Island,AUS.BI,Beacon Island,NA,Beacon Island,FALSE,5,
572,572,111,553,553,111,full,TRUE,TRUE,FALSE,Hummock Island,AUS.HUI,Hummock Island,NA,Hummock Island,FALSE,5,
748,748,NA,484,484,"10911, 12179",part,TRUE,TRUE,TRUE,Victoria,AUS.VIC,Victoria (Australia),AUS,Australia Victoria,FALSE,5,
750,750,NA,548,548,"4, 11797, 11801, 11799, 11798, 11800, 11802",part,TRUE,TRUE,TRUE,Coral Sea Islands Territory,AUS.CSIT,Coral Sea Islands Territory,NA,Coral Sea Islands Territory,FALSE,5,
33,33,567,536,536,567,full,TRUE,TRUE,FALSE,Aunuu,ASM.AUU,Aunuu,NA,Aunuu,FALSE,6,
34,34,568,537,537,568,full,TRUE,TRUE,FALSE,Ofu,ASM.OFU,Ofu,NA,Ofu,FALSE,6,
35,35,569,538,538,569,full,TRUE,TRUE,FALSE,Olosega,ASM.OLO,Olosega,NA,Olosega,FALSE,6,
36,36,571,539,539,571,full,TRUE,TRUE,FALSE,Swains,ASM.SWA,Swains,NA,Swains,FALSE,6,
37,37,570,540,540,570,full,TRUE,TRUE,FALSE,Tau,ASM.TAU,Tau,NA,Tau,FALSE,6,
38,38,566,541,541,566,full,TRUE,TRUE,FALSE,Tutuila,ASM.TUA,Tutuila,NA,Tutuila,FALSE,6,
249,249,379,800,800,379,full,TRUE,TRUE,FALSE,Aitutaki,COK.AI,Aitutaki,NA,"Aitutaki, Cook Islands",FALSE,6,
250,250,380,801,801,380,full,TRUE,TRUE,FALSE,Atiu,COK.AT,Atiu,NA,"Atiu, Cook Islands",FALSE,6,
251,251,381,802,802,381,full,TRUE,TRUE,FALSE,Mangaia,COK.MA,Mangaia,NA,"Mangaia, Cook Islands",FALSE,6,
252,252,384,803,803,384,full,TRUE,TRUE,FALSE,Mauke,COK.MAU,Mauke,NA,"Mauke, Cook Islands",FALSE,6,
253,253,383,804,804,383,full,TRUE,TRUE,FALSE,Manuae,COK.ME,Manuae,NA,"Manuae, Cook Islands",FALSE,6,
254,254,385,806,806,385,full,TRUE,TRUE,FALSE,Mitiaro,COK.MIT,Mitiaro,NA,"Mitiaro, Cook Islands",FALSE,6,
255,255,386,807,807,386,full,TRUE,TRUE,FALSE,Nassau,COK.NAS,Nassau,NA,"Nassau, Cook Islands",FALSE,6,
256,256,389,810,810,389,full,TRUE,TRUE,FALSE,Pukapuka Cook,COK.PUK,Pukapuka Cook,NA,"Pukapuka, Cook Islands",FALSE,6,
257,257,368,811,811,368,full,TRUE,TRUE,FALSE,Rarotonga,COK.RA,Rarotonga,NZL,"Rarotonga, Cook Islands",FALSE,6,
258,258,391,814,814,391,full,TRUE,TRUE,FALSE,Takutea,COK.TAK,Takutea,NA,"Takutea, Cook Islands",FALSE,6,
325,325,603,841,841,603,full,TRUE,TRUE,FALSE,Aiwa,FJI.AIW,Aiwa,NA,"Aiwa, Lau Islands",FALSE,6,
326,326,602,842,842,602,full,TRUE,TRUE,FALSE,Lakeba,FJI.LAK,Lakeba,NA,"Lakeba, Lau Islands",FALSE,6,
327,327,710,843,843,710,full,TRUE,TRUE,FALSE,Nasoata,FJI.NAS,Nasoata,NA,"Nasoata, Fiji Islands",FALSE,6,
328,328,601,844,844,601,full,TRUE,TRUE,FALSE,Nayau,FJI.NAY,Nayau,NA,"Nayau, Lau Islands",FALSE,6,
344,344,780,869,869,780,full,TRUE,TRUE,FALSE,Guam,GUM,Guam,USA,Guam,FALSE,6,
377,377,705,929,929,705,full,TRUE,TRUE,FALSE,Palmyra,KIR.PAL,Palmyra,NA,"Palmyra, Norther Line Islands",FALSE,6,
378,378,354,936,936,354,full,TRUE,TRUE,FALSE,Tabueran,KIR.TAB,Tabueran,NA,Tabueran,FALSE,6,
379,379,706,937,937,706,full,TRUE,TRUE,FALSE,Teraina,KIR.TER,Teraina,NA,"Teraina, Norther Line Islands",FALSE,6,
437,437,984,1024,1024,984,full,TRUE,TRUE,FALSE,New Caledonia,NCL,New Caledonia,FRA,New Caledonia,FALSE,6,
441,441,359,311,311,359,full,TRUE,TRUE,FALSE,Niue,NIU,Niue,NZL,Niue,FALSE,6,
445,445,604,1034,1034,604,full,TRUE,TRUE,FALSE,Nauru,NRU,Nauru,NRU,Nauru,FALSE,6,
520,520,374,1284,1284,374,full,TRUE,TRUE,FALSE,Johnston Island,USA.JI,Johnston Island,NA,Johnston Island,FALSE,6,
561,561,564,1330,1330,564,full,TRUE,TRUE,FALSE,Fanuatapu,WSM.FAU,Fanuatapu,NA,Fanuatapu,FALSE,6,
562,562,563,1331,1331,563,full,TRUE,TRUE,FALSE,Namua,WSM.NAA,Namua,NA,Namua,FALSE,6,
563,563,562,1332,1332,562,full,TRUE,TRUE,FALSE,Nuulua,WSM.NUA,Nuulua,NA,Nuulua,FALSE,6,
564,564,561,1333,1333,561,full,TRUE,TRUE,FALSE,Nuutele,WSM.NUE,Nuutele,NA,Nuutela,FALSE,6,
573,573,371,350,350,371,full,TRUE,TRUE,FALSE,Palau,PLW,Palau,PLW,Palau,FALSE,6,
712,712,NA,481,481,"652, 10706, 11598, 11599, 11600, 11601, 11602, 11603, 11604, 11605, 11606, 12002, 12003",part,TRUE,TRUE,TRUE,Vanuatu,VUT,Vanuatu,VUT,Vanuatu,FALSE,6,
720,720,NA,1260,1260,"373, 689, 688, 687, 12112, 11628, 11631, 11630, 11629, 11627, 11632",part,TRUE,TRUE,TRUE,Tonga,TON,Tonga,TON,Tonga,FALSE,6,
724,724,NA,1279,1279,"187, 186, 185, 184, 183, 180, 179, 177, 176, 175, 173, 172, 171, 169, 10694",part,TRUE,TRUE,TRUE,Hawaii,USA.HI,Hawaii,USA,Hawaiian Islands,FALSE,6,
743,743,NA,364,364,"216, 217",part,TRUE,TRUE,TRUE,Pitcairn Islands,PCN,Pitcairn Island Group,GBR,Pitcairn Islands,FALSE,6,
764,764,NA,925,925,"1044, 1086, 1085, 1096, 1104, 251, 11640, 12392, 12433, 246, 12346, 235, 234, 12416, 255, 248, 12498, 254, 12338, 12421, 12413, 253, 12356, 12334, 12417, 249, 12514, 12372, 12337, 12363, 12508, 676, 12377, 252, 247, 12500, 12522, 12352, 12364, 12327, 12415, 236, 12323, 238, 12499, 12435, 12321, 12398, 12473, 256, 241, 12460, 12434, 12422, 12378, 1555, 12456, 12455, 12526, 12513, 12325, 11642, 12309, 12519, 250, 12535, 12485, 233, 12411, 237, 12497, 12329, 12464, 12353, 12441, 12391, 12336, 12482, 12328, 12447, 12489, 12539, 242, 12403, 12507, 12515, 12430, 12324, 12528, 239, 12402, 12520, 12425, 12459, 12444, 12397, 12400",part,TRUE,TRUE,TRUE,Japan,JPN,Japan,JPN,Japan,FALSE,3,
191,191,10566,694,694,10566,full,TRUE,TRUE,FALSE,Alberta,CAN.AB,Alberta (Canada),CAN,Alberta,FALSE,7,
192,192,10606,695,695,10606,full,TRUE,TRUE,FALSE,British Columbia,CAN.BC,British Columbia (Canada),CAN,British Columbia,FALSE,7,
193,193,10731,696,696,10731,full,TRUE,TRUE,FALSE,Labrador,CAN.LB,Labrador,CAN,Labrador,FALSE,7,
194,194,10744,697,697,10744,full,TRUE,TRUE,FALSE,Manitoba,CAN.MB,Manitoba (Canada),CAN,Manitoba,FALSE,7,
195,195,10781,698,698,10781,full,TRUE,TRUE,FALSE,New Brunswick,CAN.NB,New Brunswick,USA,New Brunswick,FALSE,7,
196,196,433,699,699,433,full,TRUE,TRUE,FALSE,Newfoundland,CAN.NF,Newfoundland (island),CAN,Newfoundland,FALSE,7,
197,197,10799,700,700,10799,full,TRUE,TRUE,FALSE,Nova Scotia,CAN.NS,Nova Scotia,CAN,Nova Scotia,FALSE,7,
198,198,10809,701,701,10809,full,TRUE,TRUE,FALSE,Northwest Territories,CAN.NT,Northwest Territories,CAN,Northwest Territories,FALSE,7,
199,199,10803,702,702,10803,full,TRUE,TRUE,FALSE,Nunavut,CAN.NU,Nunavut,CAN,Nunavut,FALSE,7,
200,200,10818,703,703,10818,full,TRUE,TRUE,FALSE,Ontario,CAN.ON,Ontario,CAN,Ontario,FALSE,7,
201,201,10824,704,704,10824,full,TRUE,TRUE,FALSE,Prince Edward I.,CAN.PE,Prince Edward Island,CAN,Prince Edward Island,FALSE,7,
202,202,10835,705,705,10835,full,TRUE,TRUE,FALSE,Qu¨¦bec,CAN.QU,Quebec,CAN,Qu¨¦bec,FALSE,7,
203,203,10849,707,707,10849,full,TRUE,TRUE,FALSE,Saskatchewan,CAN.SK,Saskatchewan,CAN,Saskatchewan,FALSE,7,
204,204,10931,708,708,10931,full,TRUE,TRUE,FALSE,Yukon,CAN.YT,Yukon,CAN,Yukon,FALSE,7,
342,342,10686,867,867,10686,full,TRUE,TRUE,FALSE,Greenland,GRL,Greenland,DNK,Greenland,FALSE,7,
394,394,11103,954,954,11103,full,TRUE,TRUE,FALSE,"Aguascalientes, Mexico",MEX.AGU,Mexico Aguascalientes,MEX,Aguascalientes,FALSE,7,
397,397,11107,959,959,11107,full,TRUE,TRUE,FALSE,"Chiapas, Mexico",MEX.CHP,Mexico Chiapas,MEX,Chiapas,FALSE,7,
396,396,11108,958,958,11108,full,TRUE,TRUE,FALSE,"Chihuahua, Mexico",MEX.CHH,Mexico Chihuahua,MEX,Chihuahua,FALSE,7,
398,398,11109,960,960,11109,full,TRUE,TRUE,FALSE,"Coahuila, Mexico",MEX.COA,Mexico Coahuila,MEX,Coahuila,FALSE,7,
399,399,11110,961,961,11110,full,TRUE,TRUE,FALSE,"Colima, Mexico",MEX.COL,Mexico Colima,MEX,Colima,FALSE,7,
400,400,11111,962,962,11111,full,TRUE,TRUE,FALSE,"Distrito Federal, Mexico",MEX.DIF,Mexico Distrito Federal,MEX,Distrito Federal,FALSE,7,
401,401,11112,963,963,11112,full,TRUE,TRUE,FALSE,"Durango, Mexico",MEX.DUR,Mexico Durango,MEX,Durango,FALSE,7,
402,402,11114,964,964,11114,full,TRUE,TRUE,FALSE,"Guanajuato, Mexico",MEX.GRO,Mexico Guerrero,MEX,Guerrero,FALSE,7,
403,403,11113,965,965,11113,full,TRUE,TRUE,FALSE,"Estado de M¨¦xico, Mexico",MEX.GUA,Mexico Guanajuato,MEX,Guanajuato,FALSE,7,
404,404,11115,966,966,11115,full,TRUE,TRUE,FALSE,"Guerrero, Mexico",MEX.HID,Mexico Hidalgo,MEX,Hidalgo,FALSE,7,
405,405,11116,967,967,11116,full,TRUE,TRUE,FALSE,"Hidalgo, Mexico",MEX.JAL,Mexico Jalisco,MEX,Jalisco,FALSE,7,
406,406,11117,284,284,11117,full,TRUE,TRUE,FALSE,"Jalisco, Mexico",MEX.MEX,Mexico State of Mexico,MEX,"M¨¦xico, M¨¦xico",FALSE,7,
407,407,11118,969,969,11118,full,TRUE,TRUE,FALSE,"Michoac¨˘n, Mexico",MEX.MIC,Mexico Michoac¨˘n,MEX,Michoac¨˘n,FALSE,7,
408,408,11119,970,970,11119,full,TRUE,TRUE,FALSE,"Morelos, Mexico",MEX.MOR,Mexico Morelos,MEX,Morelos,FALSE,7,
409,409,11120,971,971,11120,full,TRUE,TRUE,FALSE,"Nayarit, Mexico",MEX.NAY,Mexico Nayarit,MEX,Nayarit,FALSE,7,
410,410,11121,972,972,11121,full,TRUE,TRUE,FALSE,"Nuevo Le¨®n, Mexico",MEX.NLE,Mexico Nuevo Le¨®n,MEX,Nuevo Le¨®n,FALSE,7,
411,411,11122,973,973,11122,full,TRUE,TRUE,FALSE,"Oaxaca, Mexico",MEX.OAX,Mexico Oaxaca,MEX,Oaxaca,FALSE,7,
412,412,11123,974,974,11123,full,TRUE,TRUE,FALSE,"Puebla, Mexico",MEX.PUE,Mexico Puebla,MEX,Puebla,FALSE,7,
413,413,11124,975,975,11124,full,TRUE,TRUE,FALSE,"Quer¨¦taro, Mexico",MEX.QUE,Mexico Quer¨¦taro,MEX,Quer¨¦taro,FALSE,7,
414,414,11125,976,976,11125,full,TRUE,TRUE,FALSE,"Quintana Roo, Mexico",MEX.ROO,Mexico Quintana Roo,MEX,Quintana Roo,FALSE,7,
415,415,11127,977,977,11127,full,TRUE,TRUE,FALSE,"Sinaloa, Mexico",MEX.SIN,Mexico Sinaloa,MEX,Sinaloa,FALSE,7,
416,416,11126,978,978,11126,full,TRUE,TRUE,FALSE,"San Luis Potos¨Ş, Mexico",MEX.SLP,Mexico San Luis Potos¨Ş,MEX,San Luis Potos¨Ş,FALSE,7,
417,417,348,979,979,348,full,TRUE,TRUE,FALSE,Socorro,MEX.SOC,Socorro,NA,Socorro,FALSE,7,
418,418,11128,980,980,11128,full,TRUE,TRUE,FALSE,"Sonora, Mexico",MEX.SON,Mexico Sonora,MEX,Sonora,FALSE,7,
420,420,11130,982,982,11130,full,TRUE,TRUE,FALSE,"Tamaulipas, Mexico",MEX.TAM,Mexico Tamaulipas,MEX,Tamaulipas,FALSE,7,
421,421,11131,983,983,11131,full,TRUE,TRUE,FALSE,"Tlaxcala, Mexico",MEX.TLA,Mexico Tlaxcala,MEX,Tlaxcala,FALSE,7,
422,422,11132,984,984,11132,full,TRUE,TRUE,FALSE,"Veracruz, Mexico",MEX.VER,Mexico Veracruz,MEX,Veracruz,FALSE,7,
423,423,11133,985,985,11133,full,TRUE,TRUE,FALSE,"Yucat¨˘n, Mexico",MEX.YUC,Mexico Yucat¨˘n,MEX,Yucat¨˘n,FALSE,7,
424,424,11134,986,986,11134,full,TRUE,TRUE,FALSE,"Zacatecas, Mexico",MEX.ZAC,Mexico Zacatecas,MEX,Zacatecas,FALSE,7,
488,488,11135,1204,1204,11135,full,TRUE,TRUE,FALSE,St. Pierre and Miquelon,SPM,St. Pierre and Miquelon,FRA,Saint Pierre and Miquelon,FALSE,7,
505,505,10585,1268,1268,10585,full,TRUE,TRUE,FALSE,Alaska,USA.AK,Alaska (USA),USA,Alaska,FALSE,7,
506,506,10571,1269,1269,10571,full,TRUE,TRUE,FALSE,Alabama,USA.AL,Alabama,USA,Alabama,FALSE,7,
507,507,10582,1270,1270,10582,full,TRUE,TRUE,FALSE,Arkansas,USA.AR,Arkansas,USA,Arkansas,FALSE,7,
508,508,10581,1271,1271,10581,full,TRUE,TRUE,FALSE,Arizona,USA.AZ,Arizona,USA,Arizona,FALSE,7,
509,509,10617,1272,1272,10617,full,TRUE,TRUE,FALSE,California,USA.CA,California (USA),USA,California,FALSE,7,
510,510,10639,1273,1273,10639,full,TRUE,TRUE,FALSE,Colorado,USA.CO,Colorado,USA,Colorado,FALSE,7,
511,511,10637,1274,1274,10637,full,TRUE,TRUE,FALSE,Connecticut,USA.CT,Connecticut,USA,Connecticut,FALSE,7,
512,512,10919,1275,1275,10919,full,TRUE,TRUE,FALSE,District of Columbia,USA.DC,Washington DC,USA,Washington DC,FALSE,7,
513,513,10656,1276,1276,10656,full,TRUE,TRUE,FALSE,Delaware,USA.DE,Delaware,USA,Delaware,FALSE,7,
514,514,10673,1277,1277,10673,full,TRUE,TRUE,FALSE,Florida,USA.FL,Florida (USA),USA,Florida,FALSE,7,
515,515,10680,1278,1278,10680,full,TRUE,TRUE,FALSE,Georgia,USA.GA,Georgia (USA),USA,Georgia,FALSE,7,
516,516,10704,1280,1280,10704,full,TRUE,TRUE,FALSE,Iowa,USA.IA,Iowa,USA,Iowa,FALSE,7,
517,517,10700,1281,1281,10700,full,TRUE,TRUE,FALSE,Idaho,USA.ID,Idaho,USA,Idaho,FALSE,7,
518,518,10701,1282,1282,10701,full,TRUE,TRUE,FALSE,Illinois,USA.IL,Illinois (USA),USA,Illinois,FALSE,7,
519,519,10703,1283,1283,10703,full,TRUE,TRUE,FALSE,Indiana,USA.IN,Indiana,USA,Indiana,FALSE,7,
521,521,10716,1285,1285,10716,full,TRUE,TRUE,FALSE,Kansas,USA.KS,Kansas,USA,Kansas,FALSE,7,
522,522,10727,1286,1286,10727,full,TRUE,TRUE,FALSE,Kentucky,USA.KY,Kentucky,USA,Kentucky,FALSE,7,
523,523,10740,1287,1287,10740,full,TRUE,TRUE,FALSE,Louisiana,USA.LA,Louisiana,USA,Louisiana,FALSE,7,
524,524,10746,1288,1288,10746,full,TRUE,TRUE,FALSE,Massachusetts,USA.MA,Massachusetts,USA,Massachusetts,FALSE,7,
525,525,10767,1289,1289,10767,full,TRUE,TRUE,FALSE,Maryland,USA.MD,Maryland,USA,Maryland,FALSE,7,
526,526,10743,1290,1290,10743,full,TRUE,TRUE,FALSE,Maine,USA.ME,Maine,USA,Maine,FALSE,7,
527,527,10753,1291,1291,10753,full,TRUE,TRUE,FALSE,Michigan,USA.MI,Michigan,USA,Michigan,FALSE,7,
528,528,10754,1292,1292,10754,full,TRUE,TRUE,FALSE,Minnesota,USA.MN,Minnesota,USA,Minnesota,FALSE,7,
529,529,10769,1293,1293,10769,full,TRUE,TRUE,FALSE,Missouri,USA.MO,Missouri,USA,Missouri,FALSE,7,
530,530,10768,1294,1294,10768,full,TRUE,TRUE,FALSE,Mississippi,USA.MS,Mississippi,USA,Mississippi,FALSE,7,
531,531,10758,1295,1295,10758,full,TRUE,TRUE,FALSE,Montana,USA.MT,Montana (USA),USA,Montana,FALSE,7,
532,532,10782,1296,1296,10782,full,TRUE,TRUE,FALSE,North Carolina,USA.NC,North Carolina,USA,North Carolina,FALSE,7,
533,533,10785,1297,1297,10785,full,TRUE,TRUE,FALSE,North Dakota,USA.ND,North Dakota,USA,North Dakota,FALSE,7,
534,534,10786,1298,1298,10786,full,TRUE,TRUE,FALSE,Nebraska,USA.NE,Nebraska,USA,Nebraska,FALSE,7,
535,535,10806,1299,1299,10806,full,TRUE,TRUE,FALSE,New Hampshire,USA.NH,New Hampshire,USA,New Hampshire,FALSE,7,
537,537,10807,1301,1301,10807,full,TRUE,TRUE,FALSE,New Jersey,USA.NJ,New Jersey,USA,New Jersey,FALSE,7,
538,538,10808,1302,1302,10808,full,TRUE,TRUE,FALSE,New Mexico,USA.NM,New Mexico,USA,New Mexico,FALSE,7,
539,539,10789,1303,1303,10789,full,TRUE,TRUE,FALSE,Nevada,USA.NV,Nevada (USA),USA,Nevada,FALSE,7,
540,540,10810,1304,1304,10810,full,TRUE,TRUE,FALSE,New York,USA.NY,New York,USA,New York,FALSE,7,
541,541,10815,1305,1305,10815,full,TRUE,TRUE,FALSE,Ohio,USA.OH,Ohio,USA,Ohio,FALSE,7,
542,542,10816,1306,1306,10816,full,TRUE,TRUE,FALSE,Oklahoma,USA.OK,Oklahoma,USA,Oklahoma,FALSE,7,
543,543,10819,1307,1307,10819,full,TRUE,TRUE,FALSE,Oregon,USA.OR,Oregon (USA),USA,Oregon,FALSE,7,
544,544,10825,1308,1308,10825,full,TRUE,TRUE,FALSE,Pennsylvania,USA.PA,Pennsylvania (USA),USA,Pennsylvania,FALSE,7,
545,545,10837,1309,1309,10837,full,TRUE,TRUE,FALSE,Rhode I.,USA.RI,Rhode Island,USA,Rhode Island,FALSE,7,
546,546,10851,1310,1310,10851,full,TRUE,TRUE,FALSE,South Carolina,USA.SC,South Carolina,USA,South Carolina,FALSE,7,
547,547,10855,1311,1311,10855,full,TRUE,TRUE,FALSE,South Dakota,USA.SD,South Dakota,USA,South Dakota,FALSE,7,
548,548,10886,1312,1312,10886,full,TRUE,TRUE,FALSE,Tennessee,USA.TN,Tennessee,USA,Tennessee,FALSE,7,
549,549,10887,1313,1313,10887,full,TRUE,TRUE,FALSE,Texas,USA.TX,Texas,USA,Texas,FALSE,7,
550,550,10906,1314,1314,10906,full,TRUE,TRUE,FALSE,Utah,USA.UT,Utah (USA),USA,Utah,FALSE,7,
551,551,10914,1315,1315,10914,full,TRUE,TRUE,FALSE,Virginia,USA.VA,Virginia,USA,Virginia,FALSE,7,
552,552,10910,1317,1317,10910,full,TRUE,TRUE,FALSE,Vermont,USA.VT,Vermont,USA,Vermont,FALSE,7,
553,553,10917,1318,1318,10917,full,TRUE,TRUE,FALSE,Washington,USA.WA,Washington,USA,Washington,FALSE,7,
554,554,10922,1319,1319,10922,full,TRUE,TRUE,FALSE,Wisconsin,USA.WI,Wisconsin (USA),USA,Wisconsin,FALSE,7,
555,555,10925,1320,1320,10925,full,TRUE,TRUE,FALSE,West Virginia,USA.WV,West Virginia,USA,West Virginia,FALSE,7,
556,556,10926,1321,1321,10926,full,TRUE,TRUE,FALSE,Wyoming,USA.WY,Wyoming,USA,Wyoming,FALSE,7,
419,419,11129,981,981,11129,full,TRUE,TRUE,FALSE,"Tabasco, Mexico",MEX.TAB,Mexico Tabasco,MEX,Tabasco,FALSE,7,
731,731,NA,1369,1369,"12096, 11105, 11104",part,TRUE,TRUE,TRUE,Baja California incl. Baja California Sur,MEX.BC,Mexico Baja California,MEX,Baja California Peninsula,FALSE,7,
1,1,376,508,508,376,full,TRUE,TRUE,FALSE,Aruba,ABW,Aruba,ABW,Aruba,FALSE,8,
4,4,294,510,510,294,full,TRUE,TRUE,FALSE,Anguilla,AIA,Anguilla,GBR,Anguilla,FALSE,8,
8,8,10106,512,512,10106,full,TRUE,TRUE,FALSE,"Province of Buenos Aires, Argentina",ARG.BA,Buenos Aires Area,ARG,Buenos Aires,FALSE,8,
9,9,10107,513,513,10107,full,TRUE,TRUE,FALSE,"Province of Catamarca, Argentina",ARG.CA,ARG.CA,ARG,Catamarca,FALSE,8,
10,10,10108,514,514,10108,full,TRUE,TRUE,FALSE,"Province of Chaco, Argentina",ARG.CHA,ARG.CHA,ARG,Chaco,FALSE,8,
11,11,10109,515,515,10109,full,TRUE,TRUE,FALSE,"Province of Chubut, Argentina",ARG.CHU,ARG.CHU,ARG,Chubut,FALSE,8,
12,12,10111,516,516,10111,full,TRUE,TRUE,FALSE,"Province of C¨®rdoba, Argentina",ARG.CO,ARG.CO,ARG,C¨®rdoba,FALSE,8,
13,13,10110,517,517,10110,full,TRUE,TRUE,FALSE,"Province of Corrientes, Argentina",ARG.COR,ARG.COR,ARG,Corrientes,FALSE,8,
14,14,10112,518,518,10112,full,TRUE,TRUE,FALSE,"Distrito Federal, Argentina",ARG.DF,ARG.DF,ARG,Ciudad de Buenos Aires,FALSE,8,
15,15,10113,519,519,10113,full,TRUE,TRUE,FALSE,"Province of Entre R¨Şos, Argentina",ARG.ER,ARG.ER,ARG,Entre R¨Şos,FALSE,8,
16,16,10114,520,520,10114,full,TRUE,TRUE,FALSE,"Province of Formosa, Argentina",ARG.FO,ARG.FO,ARG,Formosa,FALSE,8,
17,17,10115,521,521,10115,full,TRUE,TRUE,FALSE,"Province of Jujuy, Argentina",ARG.JU,ARG.JU,ARG,Jujuy,FALSE,8,
18,18,10116,522,522,10116,full,TRUE,TRUE,FALSE,"Province of La Pampa, Argentina",ARG.LP,ARG.LP,ARG,La Pampa,FALSE,8,
19,19,10117,523,523,10117,full,TRUE,TRUE,FALSE,"Province of La Rioja, Argentina",ARG.LR,ARG.LR,ARG,La Rioja,FALSE,8,
20,20,10118,524,524,10118,full,TRUE,TRUE,FALSE,"Province of Mendoza, Argentina",ARG.ME,ARG.ME,ARG,Mendoza,FALSE,8,
21,21,10119,525,525,10119,full,TRUE,TRUE,FALSE,"Province of Misiones, Argentina",ARG.MI,ARG.MI,ARG,Misiones,FALSE,8,
22,22,10120,526,526,10120,full,TRUE,TRUE,FALSE,"Province of Neuqu¨¦n, Argentina",ARG.NE,ARG.NE,ARG,Neuqu¨¦n,FALSE,8,
23,23,10121,527,527,10121,full,TRUE,TRUE,FALSE,"Province of R¨Şo Negro, Argentina",ARG.RN,ARG.RN,ARG,R¨Şo Negro,FALSE,8,
24,24,10122,528,528,10122,full,TRUE,TRUE,FALSE,"Province of Salta, Argentina",ARG.SA,ARG.SA,ARG,Salta,FALSE,8,
25,25,10123,529,529,10123,full,TRUE,TRUE,FALSE,"Province of Santa Cruz, Argentina",ARG.SC,ARG.SC,ARG,Santa Cruz,FALSE,8,
26,26,10124,530,530,10124,full,TRUE,TRUE,FALSE,"Province of Santiago del Estero, Argentina",ARG.SE,ARG.SE,ARG,Santiago del Estero,FALSE,8,
27,27,10125,531,531,10125,full,TRUE,TRUE,FALSE,"Province of Santa Fe, Argentina",ARG.SF,ARG.SF,ARG,Santa Fe,FALSE,8,
28,28,10126,532,532,10126,full,TRUE,TRUE,FALSE,"Province of San Juan, Argentina",ARG.SJ,ARG.SJ,ARG,San Juan,FALSE,8,
29,29,10127,533,533,10127,full,TRUE,TRUE,FALSE,"Province of San Luis, Argentina",ARG.SL,ARG.SL,ARG,San Luis,FALSE,8,
30,30,10128,534,534,10128,full,TRUE,TRUE,FALSE,"Province of Tierra del Fuego, Argentina",ARG.TF,ARG.TF,ARG,Tierra del Fuego,FALSE,8,
31,31,10129,535,535,10129,full,TRUE,TRUE,FALSE,"Province of Tucam¨˘n, Argentina",ARG.TU,ARG.TU,ARG,Tucum¨˘n,FALSE,8,
144,144,377,646,646,377,part,TRUE,TRUE,FALSE,Bonaire,BES.BON,Bonaire,NDL,Bonaire,FALSE,8,
145,145,331,647,647,331,full,TRUE,TRUE,FALSE,St. Eustatius,BES.EUS,St. Eustatius,NA,Sint Eustatius,FALSE,8,
146,146,327,648,648,327,full,TRUE,TRUE,FALSE,Saba,BES.SAB,Saba,NA,Saba,FALSE,8,
150,150,329,652,652,329,full,TRUE,TRUE,FALSE,St. Barthelemy,BLM,St. Barthelemy,NA,Saint Barthelemy,FALSE,8,
152,152,10337,1515,1515,10337,full,TRUE,TRUE,FALSE,"Region del Beni, Bolivia",BOL.BEN,NA,NA,"Region del Beni, Bolivia",FALSE,8,
153,153,10339,1521,1521,10339,full,TRUE,TRUE,FALSE,"Region de Chuquisaca, Bolivia",BOL.CHU,NA,NA,"Region de Chuquisaca, Bolivia",FALSE,8,
154,154,10340,1519,1519,10340,full,TRUE,TRUE,FALSE,"Region de Cochabamba, Bolivia",BOL.COC,NA,NA,"Region de Cochabamba, Bolivia",FALSE,8,
155,155,10341,1516,1516,10341,full,TRUE,TRUE,FALSE,"Region de La Paz, Bolivia",BOL.LPA,NA,NA,"Region de La Paz, Bolivia",FALSE,8,
156,156,10342,1520,1520,10342,full,TRUE,TRUE,FALSE,"Region de Oruro, Bolivia",BOL.ORU,NA,NA,"Region de Oruro, Bolivia",FALSE,8,
157,157,10343,1518,1518,10343,full,TRUE,TRUE,FALSE,"Region de Pando, Bolivia",BOL.PAN,NA,NA,"Region de Pando, Bolivia",FALSE,8,
158,158,10344,1517,1517,10344,full,TRUE,TRUE,FALSE,"Region de Potos¨Ş, Bolivia",BOL.POT,NA,NA,"Region de Potos¨Ş, Bolivia",FALSE,8,
159,159,10345,1514,1514,10345,full,TRUE,TRUE,FALSE,"Region de Santa Cruz, Bolivia",BOL.SCR,NA,NA,"Region de Santa Cruz, Bolivia",FALSE,8,
160,160,10346,1522,1522,10346,full,TRUE,TRUE,FALSE,"Region de Tarija, Bolivia",BOL.TAR,NA,NA,"Region de Tarija, Bolivia",FALSE,8,
162,162,10935,663,663,10935,full,TRUE,TRUE,FALSE,Acre,BRA.AC,Brazil Acre,BRA,Acre,FALSE,8,
163,163,10936,664,664,10936,full,TRUE,TRUE,FALSE,Alagoas,BRA.AL,Brazil Alagoas,BRA,Alagoas,FALSE,8,
164,164,10938,665,665,10938,full,TRUE,TRUE,FALSE,Amazonas,BRA.AM,Brazil Amazonas,BRA,Amazonas,FALSE,8,
165,165,10937,666,666,10937,full,TRUE,TRUE,FALSE,Amap¨˘,BRA.AP,Brazil Amap¨˘,BRA,Amap¨˘,FALSE,8,
166,166,10939,667,667,10939,full,TRUE,TRUE,FALSE,Bahia,BRA.BA,Brazil Bahia,BRA,Bahia,FALSE,8,
167,167,10940,668,668,10940,full,TRUE,TRUE,FALSE,Cear¨˘,BRA.CE,Brazil Cear¨˘,BRA,Cear¨˘,FALSE,8,
168,168,10941,669,669,10941,full,TRUE,TRUE,FALSE,Distrito Federal,BRA.DF,Distrito Federal,BRA,Distrito Federal,FALSE,8,
169,169,10942,670,670,10942,both,TRUE,TRUE,FALSE,Esp¨Şrito Santo,BRA.ES,Brazil Esp¨Şrito Santo,BRA,Esp¨Şrito Santo,FALSE,8,
170,170,914,139,139,914,full,TRUE,TRUE,FALSE,Fernando de Noronha,BRA.FDN,Fernando de Noronha,NA,Fernando de Noronha,FALSE,8,
171,171,10943,672,672,10943,full,TRUE,TRUE,FALSE,Goi¨˘s,BRA.GO,Brazil Goi¨˘s,BRA,Goi¨˘s,FALSE,8,
172,172,10944,673,673,10944,full,TRUE,TRUE,FALSE,Maranh<U+00E3>o,BRA.MA,Brazil Maranhao,BRA,Maranh<U+00E3>o,FALSE,8,
173,173,10947,674,674,10947,full,TRUE,TRUE,FALSE,Minas Gerais,BRA.MG,Brazil Minas Gerais,BRA,Minas Gerais,FALSE,8,
174,174,10946,675,675,10946,full,TRUE,TRUE,FALSE,Mato Grosso do Sul,BRA.MS,Brazil Mato Grosso do Sul,BRA,Mato Grosso do Sul,FALSE,8,
175,175,10945,676,676,10945,full,TRUE,TRUE,FALSE,Mato Grosso,BRA.MT,Brazil Mato Grosso,BRA,Mato Grosso,FALSE,8,
176,176,10948,677,677,10948,full,TRUE,TRUE,FALSE,Par¨˘,BRA.PA,Brazil Par¨˘,BRA,Par¨˘,FALSE,8,
177,177,10950,679,679,10950,full,TRUE,TRUE,FALSE,Pernambuco,BRA.PE,Brazil Pernambuco,BRA,Pernambuco,FALSE,8,
178,178,10951,680,680,10951,full,TRUE,TRUE,FALSE,Piau¨Ş,BRA.PI,Brazil Piau¨Ş,BRA,Piau¨Ş,FALSE,8,
179,179,10130,681,681,10130,full,TRUE,TRUE,FALSE,"Province of Parana, Brazil",BRA.PR,Brazil Par¨˘na,BRA,Paran¨˘,FALSE,8,
180,180,10952,682,682,10952,full,TRUE,TRUE,FALSE,Rio de Janeiro,BRA.RJ,Brazil Rio de Janeiro,BRA,Rio de Janeiro,FALSE,8,
181,181,10954,684,684,10954,full,TRUE,TRUE,FALSE,Rond<U+00F4>nia,BRA.RO,Brazil R<U+00F4>ndon¨Şa,BRA,Rond<U+00F4>nia,FALSE,8,
182,182,10955,685,685,10955,full,TRUE,TRUE,FALSE,Roraima,BRA.RR,Brazil Roraima,BRA,Roraima,FALSE,8,
183,183,10131,686,686,10131,full,TRUE,TRUE,FALSE,Province of Rio Grande Do Sul,BRA.RS,Brazil Rio Grande do Sul,BRA,Rio Grande do Sul,FALSE,8,
184,184,10132,687,687,10132,full,TRUE,TRUE,FALSE,Province of Santa Catarina,BRA.SC,Brazil Santa Catarina,BRA,Santa Catarina,FALSE,8,
185,185,10957,688,688,10957,full,TRUE,TRUE,FALSE,Sergipe,BRA.SE,Brazil Sergipe,BRA,Sergipe,FALSE,8,
186,186,10956,689,689,10956,full,TRUE,TRUE,FALSE,S<U+00E3>o Paulo,BRA.SP,Brazil Sao Paulo,BRA,S<U+00E3>o Paulo,FALSE,8,
187,187,10958,690,690,10958,full,TRUE,TRUE,FALSE,Tocantins,BRA.TO,Brazil Tocatins,BRA,Tocantins,FALSE,8,
188,188,297,691,691,297,full,TRUE,TRUE,FALSE,Barbados,BRB,Barbados,BRB,Barbados,FALSE,8,
291,291,10644,818,818,10644,full,TRUE,TRUE,FALSE,Costa Rica,CRI,Costa Rica,CRI,Costa Rica,FALSE,8,
292,292,303,819,819,303,full,TRUE,TRUE,FALSE,Cuba,CUB,Cuba,CUB,Cuba,FALSE,8,
293,293,378,820,820,378,full,TRUE,TRUE,FALSE,Curacao,CUW,Curacao,NDL,Curacao,FALSE,8,
299,299,307,827,827,307,full,TRUE,TRUE,FALSE,Dominica,DMA,Dominica,DMA,Dominica,FALSE,8,
302,302,163,386,386,163,full,TRUE,TRUE,FALSE,San Crist¨®bal,ECU.GAL.CRI,San Crist¨®bal,NA,San Crist¨®bal,FALSE,8,
303,303,164,396,396,164,full,TRUE,TRUE,FALSE,"Santa Cruz, Galapagos",ECU.GAL.CRU,"Santa Cruz, Galapagos",NA,Santa Cruz,FALSE,8,
304,304,155,130,130,155,full,TRUE,TRUE,FALSE,Espa<U+00F1>ola,ECU.GAL.ESP,Espa<U+00F1>ola,NA,Espa<U+00F1>ola,FALSE,8,
579,579,10601,506,506,10601,full,TRUE,TRUE,FALSE,Belize,BLZ,Belize Country,BLZ,Belize,FALSE,8,
306,306,157,145,145,157,full,TRUE,TRUE,FALSE,Floreana,ECU.GAL.FLO,Floreana,NA,Floreana,FALSE,8,
307,307,158,158,158,158,full,TRUE,TRUE,FALSE,Genovesa,ECU.GAL.GEN,Genovesa,NA,Genovesa,FALSE,8,
308,308,159,202,202,159,full,TRUE,TRUE,FALSE,Isabela,ECU.GAL.ISA,Isabela,NA,Isabela,FALSE,8,
309,309,161,361,361,161,full,TRUE,TRUE,FALSE,Pinta,ECU.GAL.PNT,Pinta,NA,Pinta,FALSE,8,
310,310,162,362,362,162,full,TRUE,TRUE,FALSE,Pinz¨®n,ECU.GAL.PNZ,Pinz¨®n,NA,Pinz¨®n,FALSE,8,
311,311,166,403,403,166,full,TRUE,TRUE,FALSE,"Santiago, Galapagos",ECU.GAL.SAN,"Santiago, Galapagos",NA,Santiago,FALSE,8,
312,312,165,397,397,165,full,TRUE,TRUE,FALSE,Santa F¨¦,ECU.GAL.SFE,Santa F¨¦,NA,Santa F¨¦,FALSE,8,
329,329,574,848,848,574,full,TRUE,TRUE,FALSE,Clipperton Island,FRA.CLI,Clipperton Island,NA,Clipperton Island,FALSE,8,
341,341,310,866,866,310,full,TRUE,TRUE,FALSE,Grenada,GRD,Grenada,GRD,Grenada,FALSE,8,
343,343,10181,868,868,10181,full,TRUE,TRUE,FALSE,French Guiana,GUF,French Guiana,GUF,French Guiana,FALSE,8,
345,345,10182,870,870,10182,full,TRUE,TRUE,FALSE,Guyana,GUY,Guyana,GUY,Guyana,FALSE,8,
374,374,315,923,923,315,full,TRUE,TRUE,FALSE,Jamaica,JAM,Jamaica,JAM,Jamaica,FALSE,8,
385,385,334,944,944,334,full,TRUE,TRUE,FALSE,St. Lucia,LCA,St. Lucia,LCA,Saint Lucia,FALSE,8,
582,582,10690,165,165,10690,full,TRUE,TRUE,FALSE,Guatemala,GTM,Guatemala,GTM,Guatemala,FALSE,8,
717,717,NA,1073,1073,"414, 138, 137, 134, 10072, 10751, 10590",part,TRUE,TRUE,TRUE,Portugal,PRT,Portugal,PRT,Portugal,FALSE,1,
431,431,322,1018,1018,322,full,TRUE,TRUE,FALSE,"Monserrat, Lesser Antilles",MSR,Montserrat,GBR,Montserrat,FALSE,8,
432,432,319,1019,1019,319,full,TRUE,TRUE,FALSE,Martinique,MTQ,Martinique,FRA,Martinique,FALSE,8,
440,440,10336,1028,1028,10336,full,TRUE,TRUE,FALSE,Nicaragua,NIC,Nicaragua,NIC,Nicaragua,FALSE,8,
452,452,10406,1068,1068,10406,full,TRUE,TRUE,FALSE,Peru,PER,Peru,PER,Peru,FALSE,8,
455,455,326,1071,1071,326,full,TRUE,TRUE,FALSE,Puerto Rico,PRI,Puerto Rico,USA,Puerto Rico,FALSE,8,
490,490,10183,1206,1206,10183,full,TRUE,TRUE,FALSE,Suriname,SUR,Suriname,SUR,Suriname,FALSE,8,
500,500,1069,460,460,1069,full,TRUE,TRUE,FALSE,Trinidad and Tobago,TTO,Trinidad & Tobago,TTO,Trinidad and Tobago,FALSE,8,
536,536,323,1300,1300,323,full,TRUE,TRUE,FALSE,Navassa,USA.NI,Navassa,NA,Navassa Island,FALSE,8,
557,557,293,1325,1325,293,full,TRUE,TRUE,FALSE,Anegada,VGB.AN,Anegada,NA,"Anegada, British Virgin Islands",FALSE,8,
575,575,1067,1925,1925,1067,full,TRUE,TRUE,FALSE,Turks and Caicos Islands,TCA,NA,NA,Turks and Caicos Islands,FALSE,8,
581,581,10666,128,128,10666,full,TRUE,TRUE,FALSE,El Salvador,SLV,El Salvador,SLV,El Salvador,FALSE,8,
775,775,NA,NA,"17, 19, 83, 85, 124, 211, 712, 714, 715, 716, 717, 718, 720, 721, 722, 723, 724, 725, 726, 727, 728, 729, 730, 731, 732, 733, 734, 735, 737, 738, 739, 740, 741, 742, 743, 744, 745, 746, 747, 748, 749, 750, 751, 752, 753, 754, 755, 756, 757, 758, 759, 760, 761, 762, 1257, 1771, 1772","393, 558, 559, 560, 1312, 1313, 10006, 10011, 10050, 10133, 10134, 10135, 10136, 10137, 10138, 10139, 10140, 10141, 10142, 10143, 10144, 10306, 11156, 11157, 11158, 11159, 11160, 11162, 11895, 12051, 12052, 12053, 12054, 12106",both,TRUE,TRUE,TRUE,Chile,CHL,Chile,CHL,Chile,FALSE,8,
583,583,10697,177,177,10697,full,TRUE,TRUE,FALSE,Honduras,HND,Honduras,HND,Honduras,FALSE,8,
595,595,10949,678,678,10949,full,TRUE,TRUE,FALSE,Para¨Şba,BRA.PB,Brazil Para¨Şba,BRA,Para¨Şba,FALSE,8,
596,596,10953,683,683,10953,full,TRUE,TRUE,FALSE,Rio Grande do Norte,BRA.RN,Brazil Rio Grande do Norte,BRA,Rio Grande do Norte,FALSE,8,
716,716,NA,1067,1067,"10370, 10381, 10376, 12056",part,TRUE,TRUE,TRUE,Panama,PAN,Panama,PAN,Panama,FALSE,8,
723,723,NA,1267,1267,"10172, 10175, 10168, 10160, 10162, 10165, 10171, 10163, 10169, 10158, 10176, 10174, 10170, 10161, 10173, 10164, 10166, 10159, 10167",part,TRUE,TRUE,TRUE,Uruguay,URY,Uruguay,URY,Uruguay,FALSE,8,
727,727,NA,1316,1316,"336, 332, 330",part,TRUE,TRUE,TRUE,"Virgin Islands, U.S.",USA.VI,Virgin Island,USA,United States Virgin Islands,FALSE,8,
728,728,NA,1324,1324,"10909, 10179, 10178",part,TRUE,TRUE,TRUE,Venezuela,VEN,Venezuela,VEN,Venezuela,FALSE,8,
737,737,NA,18,18,"295, 298",part,TRUE,TRUE,TRUE,Antigua and Barbuda,NA,Antigua & Barbuda,NA,Antigua and Barbuda,FALSE,8,
742,742,NA,354,354,"10007, 10157, 10053, 10156, 10155, 10154, 10153, 10152, 10151, 10150, 10149, 10148, 10147, 10052, 10051, 10146, 10145, 10080",part,TRUE,TRUE,TRUE,Paraguay,PRY,Paraguay,PRY,Paraguay,FALSE,8,
746,746,NA,434,434,"333, 324",part,TRUE,TRUE,TRUE,Saint Kitts and Nevis,KNA,St. Kitts & Nevis,KNA,Saint Kitts and Nevis,FALSE,8,
755,755,NA,822,822,"700, 12208, 12209",part,TRUE,TRUE,TRUE,Cayman Islands,CYM,Cayman-Islands,GBR,Cayman Islands,FALSE,8,
756,756,NA,831,831,"10364, 10365, 10363, 10358, 10362, 10367, 10356, 10366, 10360, 10369, 10349, 10361, 10353, 10354, 10355, 10359, 10350, 10352, 10368, 10351, 10321",part,TRUE,TRUE,TRUE,Ecuador (mainland),ECU,Ecuador,ECU,Ecuador (mainland),FALSE,8,
773,773,313,NA,"829, 170",313,over,TRUE,TRUE,TRUE,Hispaniola,NA,Dominican Republic & Haiti Republic,NA,Dominican Republic & Haiti Republic,FALSE,8,
779,779,NA,NA,"1402, 1412, 1432, 1499, 1431, 1440, 1486, 1405, 1418, 1430, 1441, 1416, 1434, 1435, 1409, 1448, 1413, 1450, 1445, 1406, 1427, 1442, 1437, 1507, 1500, 1428, 1509, 1474, 1439, 1444, 1414, 1404","10483, 10347, 10485, 10484, 10486, 10487, 10488, 10489, 10490, 10491, 10492, 10493, 10494, 10495, 10496, 10499, 10497, 10498, 10500, 10501, 10502, 10503, 10504, 10505, 10506, 10507, 1500, 10508, 10509, 10510, 10511, 10512",full,TRUE,TRUE,TRUE,Colombia,COL,Colombia,COL,Colombia,FALSE,8,
102,102,129,611,611,129,full,TRUE,TRUE,FALSE,Macquarie Island,AUS.TAS.MI,Macquarie Island,AUS,Macquarie Island,FALSE,9,
346,346,401,871,871,401,full,TRUE,TRUE,FALSE,Heard Island,HMD.HI,Heard Island,AUS,Heard Island,FALSE,9,
479,479,397,1197,1197,397,full,TRUE,TRUE,FALSE,South Georgia,SGS.SGI,South Georgia Islands,GBR,South Georgia Island,FALSE,9,
481,481,356,1198,1198,356,full,TRUE,TRUE,FALSE,Gough Island,SHN.GI,Gough Island,GBR,Gough Island,FALSE,9,
482,482,395,1199,1199,395,full,TRUE,TRUE,FALSE,Inaccessible Island,SHN.II,Inaccessible Island,NA,Inaccessible Island,FALSE,9,
483,483,396,1200,1200,396,full,TRUE,TRUE,FALSE,Nightingale,SHN.NI,Nightingale,NA,Nightingale,FALSE,9,
485,485,394,1201,1201,394,full,TRUE,TRUE,FALSE,Tristan da Cunha,SHN.TC,Tristan da Cunha,GBR,Tristan da Cunha,FALSE,9,
734,734,NA,1646,1646,"399, 398, 974, 973, 972, 971",part,TRUE,TRUE,TRUE,"French Subantarctic Islands (Crozet, Kerguelen, St. Paul and Amsterdam)",FRA.SAI,NA,NA,"French Subantarctic Islands (Crozet, Kerguelen, St. Paul and Amsterdam)",FALSE,9,
735,735,NA,1775,1775,"10670, 152, 153",part,TRUE,TRUE,TRUE,Falkland Is.,FLK,NA,NA,Falkland Islands,FALSE,9,
